"","year","sport","count","country"
"1",1992,"Athletics",1,"Algeria"
"2",1992,"Athletics",1,"Algeria"
"3",1992,"Boxing",1,"Algeria"
"4",1992,"Boxing",1,"Algeria"
"5",1992,"Tennis",2,"Argentina"
"6",1992,"Aquatics",9,"Australia"
"7",1992,"Athletics",2,"Australia"
"8",1992,"Canoe / Kayak",6,"Australia"
"9",1992,"Cycling",8,"Australia"
"10",1992,"Equestrian",5,"Australia"
"11",1992,"Hockey",16,"Australia"
"12",1992,"Rowing",6,"Australia"
"13",1992,"Sailing",3,"Australia"
"14",1992,"Tennis",2,"Australia"
"15",1992,"Equestrian",4,"Austria"
"16",1992,"Rowing",2,"Austria"
"17",1992,"Athletics",1,"Bahamas"
"18",1992,"Cycling",1,"Belgium"
"19",1992,"Judo",1,"Belgium"
"20",1992,"Rowing",1,"Belgium"
"21",1992,"Aquatics",1,"Brazil"
"22",1992,"Judo",1,"Brazil"
"23",1992,"Volleyball",12,"Brazil"
"24",1992,"Athletics",2,"Bulgaria"
"25",1992,"Boxing",2,"Bulgaria"
"26",1992,"Canoe / Kayak",4,"Bulgaria"
"27",1992,"Shooting",3,"Bulgaria"
"28",1992,"Weightlifting",4,"Bulgaria"
"29",1992,"Wrestling",2,"Bulgaria"
"30",1992,"Aquatics",9,"Canada"
"31",1992,"Athletics",3,"Canada"
"32",1992,"Boxing",2,"Canada"
"33",1992,"Cycling",1,"Canada"
"34",1992,"Judo",1,"Canada"
"35",1992,"Rowing",25,"Canada"
"36",1992,"Sailing",2,"Canada"
"37",1992,"Wrestling",1,"Canada"
"38",1992,"Aquatics",18,"China"
"39",1992,"Archery",3,"China"
"40",1992,"Athletics",4,"China"
"41",1992,"Badminton",8,"China"
"42",1992,"Basketball",12,"China"
"43",1992,"Fencing",1,"China"
"44",1992,"Gymnastics",13,"China"
"45",1992,"Judo",3,"China"
"46",1992,"Rowing",2,"China"
"47",1992,"Sailing",1,"China"
"48",1992,"Shooting",4,"China"
"49",1992,"Table Tennis",9,"China"
"50",1992,"Weightlifting",4,"China"
"51",1992,"Wrestling",1,"China"
"52",1992,"Athletics",1,"Colombia"
"53",1992,"Basketball",12,"Croatia"
"54",1992,"Tennis",3,"Croatia"
"55",1992,"Athletics",13,"Cuba"
"56",1992,"Baseball",20,"Cuba"
"57",1992,"Boxing",9,"Cuba"
"58",1992,"Fencing",6,"Cuba"
"59",1992,"Judo",5,"Cuba"
"60",1992,"Volleyball",12,"Cuba"
"61",1992,"Weightlifting",1,"Cuba"
"62",1992,"Wrestling",5,"Cuba"
"63",1992,"Badminton",1,"Denmark"
"64",1992,"Boxing",1,"Denmark"
"65",1992,"Canoe / Kayak",2,"Denmark"
"66",1992,"Cycling",5,"Denmark"
"67",1992,"Sailing",5,"Denmark"
"68",1992,"Aquatics",14,"Spain"
"69",1992,"Archery",3,"Spain"
"70",1992,"Athletics",4,"Spain"
"71",1992,"Boxing",1,"Spain"
"72",1992,"Cycling",1,"Spain"
"73",1992,"Football",12,"Spain"
"74",1992,"Gymnastics",1,"Spain"
"75",1992,"Hockey",16,"Spain"
"76",1992,"Judo",2,"Spain"
"77",1992,"Sailing",8,"Spain"
"78",1992,"Tennis",4,"Spain"
"79",1992,"Cycling",1,"Estonia"
"80",1992,"Sailing",2,"Estonia"
"81",1992,"Athletics",3,"Ethiopia"
"82",1992,"Aquatics",1,"Finland"
"83",1992,"Archery",3,"Finland"
"84",1992,"Athletics",1,"Finland"
"85",1992,"Boxing",1,"Finland"
"86",1992,"Canoe / Kayak",1,"Finland"
"87",1992,"Aquatics",3,"France"
"88",1992,"Archery",1,"France"
"89",1992,"Athletics",1,"France"
"90",1992,"Canoe / Kayak",6,"France"
"91",1992,"Cycling",5,"France"
"92",1992,"Equestrian",4,"France"
"93",1992,"Fencing",9,"France"
"94",1992,"Handball",16,"France"
"95",1992,"Judo",7,"France"
"96",1992,"Sailing",3,"France"
"97",1992,"Shooting",1,"France"
"98",1992,"Table Tennis",1,"France"
"99",1992,"Aquatics",1,"United Kingdom"
"100",1992,"Archery",4,"United Kingdom"
"101",1992,"Athletics",14,"United Kingdom"
"102",1992,"Boxing",1,"United Kingdom"
"103",1992,"Canoe / Kayak",1,"United Kingdom"
"104",1992,"Cycling",1,"United Kingdom"
"105",1992,"Hockey",16,"United Kingdom"
"106",1992,"Judo",4,"United Kingdom"
"107",1992,"Rowing",5,"United Kingdom"
"108",1992,"Sailing",3,"United Kingdom"
"109",1992,"Aquatics",28,"Germany"
"110",1992,"Athletics",10,"Germany"
"111",1992,"Boxing",4,"Germany"
"112",1992,"Canoe / Kayak",22,"Germany"
"113",1992,"Cycling",13,"Germany"
"114",1992,"Equestrian",13,"Germany"
"115",1992,"Fencing",15,"Germany"
"116",1992,"Gymnastics",3,"Germany"
"117",1992,"Hockey",32,"Germany"
"118",1992,"Judo",2,"Germany"
"119",1992,"Rowing",42,"Germany"
"120",1992,"Shooting",3,"Germany"
"121",1992,"Table Tennis",2,"Germany"
"122",1992,"Tennis",3,"Germany"
"123",1992,"Weightlifting",3,"Germany"
"124",1992,"Wrestling",3,"Germany"
"125",1992,"Football",13,"Ghana"
"126",1992,"Athletics",1,"Greece"
"127",1992,"Weightlifting",1,"Greece"
"128",1992,"Aquatics",9,"Hungary"
"129",1992,"Boxing",3,"Hungary"
"130",1992,"Canoe / Kayak",13,"Hungary"
"131",1992,"Fencing",11,"Hungary"
"132",1992,"Gymnastics",2,"Hungary"
"133",1992,"Judo",4,"Hungary"
"134",1992,"Modern Pentathlon",1,"Hungary"
"135",1992,"Wrestling",2,"Hungary"
"136",1992,"Badminton",6,"Indonesia"
"137",1992,"Wrestling",3,"Iran"
"138",1992,"Boxing",2,"Ireland"
"139",1992,"Judo",2,"Israel"
"140",1992,"Aquatics",15,"Italy"
"141",1992,"Athletics",1,"Italy"
"142",1992,"Canoe / Kayak",3,"Italy"
"143",1992,"Cycling",6,"Italy"
"144",1992,"Fencing",7,"Italy"
"145",1992,"Judo",1,"Italy"
"146",1992,"Modern Pentathlon",3,"Italy"
"147",1992,"Rowing",7,"Italy"
"148",1992,"Shooting",2,"Italy"
"149",1992,"Wrestling",1,"Italy"
"150",1992,"Athletics",4,"Jamaica"
"151",1992,"Aquatics",4,"Japan"
"152",1992,"Athletics",2,"Japan"
"153",1992,"Baseball",20,"Japan"
"154",1992,"Gymnastics",8,"Japan"
"155",1992,"Judo",10,"Japan"
"156",1992,"Shooting",2,"Japan"
"157",1992,"Wrestling",1,"Japan"
"158",1992,"Athletics",8,"Kenya"
"159",1992,"Archery",6,"South Korea"
"160",1992,"Athletics",1,"South Korea"
"161",1992,"Badminton",7,"South Korea"
"162",1992,"Boxing",2,"South Korea"
"163",1992,"Gymnastics",1,"South Korea"
"164",1992,"Handball",13,"South Korea"
"165",1992,"Judo",4,"South Korea"
"166",1992,"Shooting",2,"South Korea"
"167",1992,"Table Tennis",8,"South Korea"
"168",1992,"Weightlifting",1,"South Korea"
"169",1992,"Wrestling",4,"South Korea"
"170",1992,"Canoe / Kayak",1,"Latvia"
"171",1992,"Cycling",1,"Latvia"
"172",1992,"Shooting",1,"Latvia"
"173",1992,"Athletics",1,"Lithuania"
"174",1992,"Basketball",12,"Lithuania"
"175",1992,"Athletics",2,"Morocco"
"176",1992,"Boxing",1,"Morocco"
"177",1992,"Badminton",2,"Malaysia"
"178",1992,"Athletics",1,"Mexico"
"179",1992,"Boxing",1,"Mongolia"
"180",1992,"Shooting",1,"Mongolia"
"181",1992,"Athletics",2,"Namibia"
"182",1992,"Athletics",1,"Netherlands"
"183",1992,"Boxing",2,"Netherlands"
"184",1992,"Cycling",4,"Netherlands"
"185",1992,"Equestrian",9,"Netherlands"
"186",1992,"Judo",2,"Netherlands"
"187",1992,"Rowing",2,"Netherlands"
"188",1992,"Sailing",1,"Netherlands"
"189",1992,"Volleyball",12,"Netherlands"
"190",1992,"Athletics",9,"Nigeria"
"191",1992,"Boxing",2,"Nigeria"
"192",1992,"Canoe / Kayak",2,"Norway"
"193",1992,"Handball",14,"Norway"
"194",1992,"Rowing",4,"Norway"
"195",1992,"Sailing",1,"Norway"
"196",1992,"Shooting",1,"Norway"
"197",1992,"Wrestling",1,"Norway"
"198",1992,"Aquatics",1,"New Zealand"
"199",1992,"Athletics",1,"New Zealand"
"200",1992,"Boxing",1,"New Zealand"
"201",1992,"Cycling",1,"New Zealand"
"202",1992,"Equestrian",5,"New Zealand"
"203",1992,"Sailing",6,"New Zealand"
"204",1992,"Hockey",16,"Pakistan"
"205",1992,"Shooting",1,"Peru"
"206",1992,"Boxing",1,"Philippines"
"207",1992,"Aquatics",1,"Poland"
"208",1992,"Athletics",1,"Poland"
"209",1992,"Boxing",1,"Poland"
"210",1992,"Canoe / Kayak",5,"Poland"
"211",1992,"Fencing",5,"Poland"
"212",1992,"Football",12,"Poland"
"213",1992,"Judo",1,"Poland"
"214",1992,"Modern Pentathlon",4,"Poland"
"215",1992,"Rowing",6,"Poland"
"216",1992,"Shooting",1,"Poland"
"217",1992,"Weightlifting",3,"Poland"
"218",1992,"Wrestling",2,"Poland"
"219",1992,"Boxing",2,"North Korea"
"220",1992,"Gymnastics",1,"North Korea"
"221",1992,"Table Tennis",3,"North Korea"
"222",1992,"Weightlifting",1,"North Korea"
"223",1992,"Wrestling",3,"North Korea"
"224",1992,"Boxing",1,"Puerto Rico"
"225",1992,"Athletics",1,"Qatar"
"226",1992,"Athletics",1,"Romania"
"227",1992,"Boxing",1,"Romania"
"228",1992,"Fencing",5,"Romania"
"229",1992,"Gymnastics",10,"Romania"
"230",1992,"Rowing",33,"Romania"
"231",1992,"Shooting",1,"Romania"
"232",1992,"Weightlifting",1,"Romania"
"233",1992,"Wrestling",1,"Romania"
"234",1992,"Athletics",1,"South Africa"
"235",1992,"Tennis",2,"South Africa"
"236",1992,"Rowing",6,"Slovenia"
"237",1992,"Tennis",1,"Switzerland"
"238",1992,"Aquatics",1,"Suriname"
"239",1992,"Aquatics",6,"Sweden"
"240",1992,"Athletics",1,"Sweden"
"241",1992,"Canoe / Kayak",8,"Sweden"
"242",1992,"Handball",16,"Sweden"
"243",1992,"Shooting",1,"Sweden"
"244",1992,"Table Tennis",1,"Sweden"
"245",1992,"Wrestling",2,"Sweden"
"246",1992,"Athletics",2,"Czechoslovakia"
"247",1992,"Canoe / Kayak",3,"Czechoslovakia"
"248",1992,"Rowing",1,"Czechoslovakia"
"249",1992,"Shooting",2,"Czechoslovakia"
"250",1992,"Boxing",1,"Thailand"
"251",1992,"Baseball",20,"Taiwan"
"252",1992,"Judo",1,"Turkey"
"253",1992,"Weightlifting",1,"Turkey"
"254",1992,"Wrestling",4,"Turkey"
"255",1992,"Aquatics",62,"United States"
"256",1992,"Athletics",48,"United States"
"257",1992,"Basketball",24,"United States"
"258",1992,"Boxing",3,"United States"
"259",1992,"Canoe / Kayak",4,"United States"
"260",1992,"Cycling",2,"United States"
"261",1992,"Equestrian",5,"United States"
"262",1992,"Gymnastics",11,"United States"
"263",1992,"Judo",1,"United States"
"264",1992,"Rowing",10,"United States"
"265",1992,"Sailing",16,"United States"
"266",1992,"Shooting",2,"United States"
"267",1992,"Tennis",4,"United States"
"268",1992,"Volleyball",24,"United States"
"269",1992,"Wrestling",8,"United States"
"270",1996,"Athletics",1,"Algeria"
"271",1996,"Athletics",1,"Algeria"
"272",1996,"Boxing",2,"Algeria"
"273",1996,"Boxing",2,"Algeria"
"274",1996,"Boxing",1,"Argentina"
"275",1996,"Football",18,"Argentina"
"276",1996,"Sailing",1,"Argentina"
"277",1996,"Wrestling",2,"Armenia"
"278",1996,"Aquatics",25,"Australia"
"279",1996,"Athletics",2,"Australia"
"280",1996,"Basketball",12,"Australia"
"281",1996,"Canoe / Kayak",5,"Australia"
"282",1996,"Cycling",9,"Australia"
"283",1996,"Equestrian",4,"Australia"
"284",1996,"Hockey",32,"Australia"
"285",1996,"Rowing",16,"Australia"
"286",1996,"Sailing",4,"Australia"
"287",1996,"Shooting",3,"Australia"
"288",1996,"Softball",15,"Australia"
"289",1996,"Tennis",2,"Australia"
"290",1996,"Volleyball",2,"Australia"
"291",1996,"Weightlifting",1,"Australia"
"292",1996,"Athletics",1,"Austria"
"293",1996,"Shooting",2,"Austria"
"294",1996,"Wrestling",1,"Azerbaijan"
"295",1996,"Athletics",5,"Bahamas"
"296",1996,"Athletics",1,"Burundi"
"297",1996,"Aquatics",1,"Belgium"
"298",1996,"Judo",4,"Belgium"
"299",1996,"Sailing",1,"Belgium"
"300",1996,"Athletics",4,"Belarus"
"301",1996,"Gymnastics",4,"Belarus"
"302",1996,"Rowing",10,"Belarus"
"303",1996,"Shooting",1,"Belarus"
"304",1996,"Wrestling",4,"Belarus"
"305",1996,"Aquatics",3,"Brazil"
"306",1996,"Athletics",4,"Brazil"
"307",1996,"Basketball",12,"Brazil"
"308",1996,"Equestrian",4,"Brazil"
"309",1996,"Football",18,"Brazil"
"310",1996,"Judo",2,"Brazil"
"311",1996,"Sailing",5,"Brazil"
"312",1996,"Volleyball",16,"Brazil"
"313",1996,"Athletics",1,"Bulgaria"
"314",1996,"Boxing",3,"Bulgaria"
"315",1996,"Canoe / Kayak",2,"Bulgaria"
"316",1996,"Gymnastics",7,"Bulgaria"
"317",1996,"Shooting",4,"Bulgaria"
"318",1996,"Weightlifting",3,"Bulgaria"
"319",1996,"Wrestling",1,"Bulgaria"
"320",1996,"Aquatics",14,"Canada"
"321",1996,"Athletics",6,"Canada"
"322",1996,"Boxing",1,"Canada"
"323",1996,"Canoe / Kayak",1,"Canada"
"324",1996,"Cycling",5,"Canada"
"325",1996,"Rowing",21,"Canada"
"326",1996,"Volleyball",2,"Canada"
"327",1996,"Wrestling",1,"Canada"
"328",1996,"Aquatics",17,"China"
"329",1996,"Archery",1,"China"
"330",1996,"Athletics",4,"China"
"331",1996,"Badminton",7,"China"
"332",1996,"Football",16,"China"
"333",1996,"Gymnastics",12,"China"
"334",1996,"Judo",2,"China"
"335",1996,"Rowing",2,"China"
"336",1996,"Shooting",5,"China"
"337",1996,"Softball",15,"China"
"338",1996,"Table Tennis",12,"China"
"339",1996,"Volleyball",12,"China"
"340",1996,"Weightlifting",4,"China"
"341",1996,"Wrestling",1,"China"
"342",1996,"Aquatics",1,"Costa Rica"
"343",1996,"Aquatics",13,"Croatia"
"344",1996,"Handball",16,"Croatia"
"345",1996,"Aquatics",2,"Cuba"
"346",1996,"Athletics",2,"Cuba"
"347",1996,"Baseball",20,"Cuba"
"348",1996,"Boxing",7,"Cuba"
"349",1996,"Fencing",4,"Cuba"
"350",1996,"Judo",6,"Cuba"
"351",1996,"Volleyball",12,"Cuba"
"352",1996,"Weightlifting",1,"Cuba"
"353",1996,"Wrestling",3,"Cuba"
"354",1996,"Athletics",3,"Czech Republic"
"355",1996,"Canoe / Kayak",6,"Czech Republic"
"356",1996,"Shooting",1,"Czech Republic"
"357",1996,"Tennis",3,"Czech Republic"
"358",1996,"Badminton",1,"Denmark"
"359",1996,"Cycling",1,"Denmark"
"360",1996,"Handball",16,"Denmark"
"361",1996,"Rowing",5,"Denmark"
"362",1996,"Sailing",1,"Denmark"
"363",1996,"Athletics",1,"Ecuador"
"364",1996,"Aquatics",13,"Spain"
"365",1996,"Athletics",2,"Spain"
"366",1996,"Boxing",1,"Spain"
"367",1996,"Cycling",2,"Spain"
"368",1996,"Gymnastics",6,"Spain"
"369",1996,"Handball",16,"Spain"
"370",1996,"Hockey",16,"Spain"
"371",1996,"Judo",3,"Spain"
"372",1996,"Sailing",4,"Spain"
"373",1996,"Tennis",4,"Spain"
"374",1996,"Athletics",3,"Ethiopia"
"375",1996,"Aquatics",1,"Finland"
"376",1996,"Athletics",2,"Finland"
"377",1996,"Wrestling",1,"Finland"
"378",1996,"Athletics",4,"France"
"379",1996,"Canoe / Kayak",4,"France"
"380",1996,"Cycling",12,"France"
"381",1996,"Equestrian",1,"France"
"382",1996,"Fencing",11,"France"
"383",1996,"Judo",6,"France"
"384",1996,"Rowing",10,"France"
"385",1996,"Shooting",2,"France"
"386",1996,"Wrestling",1,"France"
"387",1996,"Aquatics",2,"United Kingdom"
"388",1996,"Athletics",11,"United Kingdom"
"389",1996,"Cycling",2,"United Kingdom"
"390",1996,"Rowing",6,"United Kingdom"
"391",1996,"Sailing",3,"United Kingdom"
"392",1996,"Tennis",2,"United Kingdom"
"393",1996,"Judo",1,"Georgia"
"394",1996,"Wrestling",1,"Georgia"
"395",1996,"Aquatics",32,"Germany"
"396",1996,"Archery",3,"Germany"
"397",1996,"Athletics",10,"Germany"
"398",1996,"Boxing",4,"Germany"
"399",1996,"Canoe / Kayak",20,"Germany"
"400",1996,"Cycling",2,"Germany"
"401",1996,"Equestrian",10,"Germany"
"402",1996,"Fencing",3,"Germany"
"403",1996,"Gymnastics",1,"Germany"
"404",1996,"Judo",5,"Germany"
"405",1996,"Rowing",18,"Germany"
"406",1996,"Sailing",3,"Germany"
"407",1996,"Shooting",4,"Germany"
"408",1996,"Table Tennis",1,"Germany"
"409",1996,"Tennis",2,"Germany"
"410",1996,"Weightlifting",3,"Germany"
"411",1996,"Wrestling",3,"Germany"
"412",1996,"Athletics",1,"Greece"
"413",1996,"Gymnastics",1,"Greece"
"414",1996,"Sailing",1,"Greece"
"415",1996,"Weightlifting",5,"Greece"
"416",1996,"Sailing",1,"Hong Kong"
"417",1996,"Aquatics",6,"Hungary"
"418",1996,"Athletics",1,"Hungary"
"419",1996,"Boxing",1,"Hungary"
"420",1996,"Canoe / Kayak",11,"Hungary"
"421",1996,"Fencing",5,"Hungary"
"422",1996,"Gymnastics",1,"Hungary"
"423",1996,"Handball",16,"Hungary"
"424",1996,"Modern Pentathlon",1,"Hungary"
"425",1996,"Weightlifting",1,"Hungary"
"426",1996,"Badminton",6,"Indonesia"
"427",1996,"Tennis",1,"India"
"428",1996,"Wrestling",3,"Iran"
"429",1996,"Aquatics",4,"Ireland"
"430",1996,"Sailing",1,"Israel"
"431",1996,"Aquatics",14,"Italy"
"432",1996,"Archery",3,"Italy"
"433",1996,"Athletics",4,"Italy"
"434",1996,"Canoe / Kayak",7,"Italy"
"435",1996,"Cycling",5,"Italy"
"436",1996,"Fencing",15,"Italy"
"437",1996,"Gymnastics",1,"Italy"
"438",1996,"Judo",2,"Italy"
"439",1996,"Rowing",2,"Italy"
"440",1996,"Sailing",1,"Italy"
"441",1996,"Shooting",5,"Italy"
"442",1996,"Volleyball",12,"Italy"
"443",1996,"Athletics",16,"Jamaica"
"444",1996,"Aquatics",10,"Japan"
"445",1996,"Athletics",1,"Japan"
"446",1996,"Baseball",20,"Japan"
"447",1996,"Cycling",1,"Japan"
"448",1996,"Judo",8,"Japan"
"449",1996,"Sailing",2,"Japan"
"450",1996,"Wrestling",1,"Japan"
"451",1996,"Boxing",4,"Kazakhstan"
"452",1996,"Modern Pentathlon",1,"Kazakhstan"
"453",1996,"Shooting",3,"Kazakhstan"
"454",1996,"Weightlifting",1,"Kazakhstan"
"455",1996,"Wrestling",2,"Kazakhstan"
"456",1996,"Athletics",8,"Kenya"
"457",1996,"Archery",8,"South Korea"
"458",1996,"Athletics",1,"South Korea"
"459",1996,"Badminton",7,"South Korea"
"460",1996,"Boxing",1,"South Korea"
"461",1996,"Gymnastics",1,"South Korea"
"462",1996,"Handball",16,"South Korea"
"463",1996,"Hockey",16,"South Korea"
"464",1996,"Judo",8,"South Korea"
"465",1996,"Table Tennis",4,"South Korea"
"466",1996,"Wrestling",4,"South Korea"
"467",1996,"Canoe / Kayak",1,"Latvia"
"468",1996,"Basketball",12,"Lithuania"
"469",1996,"Athletics",2,"Morocco"
"470",1996,"Badminton",3,"Malaysia"
"471",1996,"Canoe / Kayak",2,"Moldova"
"472",1996,"Wrestling",1,"Moldova"
"473",1996,"Athletics",1,"Mexico"
"474",1996,"Judo",1,"Mongolia"
"475",1996,"Athletics",1,"Mozambique"
"476",1996,"Athletics",2,"Namibia"
"477",1996,"Aquatics",2,"Netherlands"
"478",1996,"Cycling",3,"Netherlands"
"479",1996,"Equestrian",6,"Netherlands"
"480",1996,"Hockey",32,"Netherlands"
"481",1996,"Judo",3,"Netherlands"
"482",1996,"Rowing",13,"Netherlands"
"483",1996,"Sailing",2,"Netherlands"
"484",1996,"Volleyball",12,"Netherlands"
"485",1996,"Athletics",7,"Nigeria"
"486",1996,"Boxing",1,"Nigeria"
"487",1996,"Football",18,"Nigeria"
"488",1996,"Athletics",2,"Norway"
"489",1996,"Canoe / Kayak",2,"Norway"
"490",1996,"Football",18,"Norway"
"491",1996,"Rowing",2,"Norway"
"492",1996,"Sailing",1,"Norway"
"493",1996,"Aquatics",2,"New Zealand"
"494",1996,"Equestrian",6,"New Zealand"
"495",1996,"Sailing",1,"New Zealand"
"496",1996,"Boxing",1,"Philippines"
"497",1996,"Archery",3,"Poland"
"498",1996,"Athletics",2,"Poland"
"499",1996,"Canoe / Kayak",1,"Poland"
"500",1996,"Fencing",3,"Poland"
"501",1996,"Judo",2,"Poland"
"502",1996,"Sailing",1,"Poland"
"503",1996,"Shooting",3,"Poland"
"504",1996,"Weightlifting",1,"Poland"
"505",1996,"Wrestling",5,"Poland"
"506",1996,"Athletics",1,"Portugal"
"507",1996,"Sailing",2,"Portugal"
"508",1996,"Judo",1,"North Korea"
"509",1996,"Weightlifting",2,"North Korea"
"510",1996,"Wrestling",2,"North Korea"
"511",1996,"Boxing",1,"Puerto Rico"
"512",1996,"Athletics",1,"Romania"
"513",1996,"Boxing",2,"Romania"
"514",1996,"Canoe / Kayak",4,"Romania"
"515",1996,"Fencing",4,"Romania"
"516",1996,"Gymnastics",15,"Romania"
"517",1996,"Rowing",11,"Romania"
"518",1996,"Weightlifting",1,"Romania"
"519",1996,"Aquatics",3,"South Africa"
"520",1996,"Athletics",2,"South Africa"
"521",1996,"Aquatics",21,"Russia"
"522",1996,"Athletics",10,"Russia"
"523",1996,"Boxing",4,"Russia"
"524",1996,"Canoe / Kayak",4,"Russia"
"525",1996,"Cycling",5,"Russia"
"526",1996,"Fencing",15,"Russia"
"527",1996,"Gymnastics",27,"Russia"
"528",1996,"Modern Pentathlon",1,"Russia"
"529",1996,"Rowing",9,"Russia"
"530",1996,"Sailing",3,"Russia"
"531",1996,"Shooting",6,"Russia"
"532",1996,"Weightlifting",3,"Russia"
"533",1996,"Wrestling",7,"Russia"
"534",1996,"Athletics",1,"Slovenia"
"535",1996,"Canoe / Kayak",1,"Slovenia"
"536",1996,"Canoe / Kayak",4,"Switzerland"
"537",1996,"Cycling",2,"Switzerland"
"538",1996,"Equestrian",1,"Switzerland"
"539",1996,"Gymnastics",1,"Switzerland"
"540",1996,"Rowing",3,"Switzerland"
"541",1996,"Canoe / Kayak",2,"Slovakia"
"542",1996,"Shooting",1,"Slovakia"
"543",1996,"Aquatics",4,"Sweden"
"544",1996,"Archery",1,"Sweden"
"545",1996,"Athletics",1,"Sweden"
"546",1996,"Canoe / Kayak",6,"Sweden"
"547",1996,"Handball",16,"Sweden"
"548",1996,"Sailing",2,"Sweden"
"549",1996,"Wrestling",1,"Sweden"
"550",1996,"Athletics",1,"Syria"
"551",1996,"Boxing",1,"Tonga"
"552",1996,"Boxing",2,"Thailand"
"553",1996,"Table Tennis",1,"Taiwan"
"554",1996,"Athletics",2,"Trinidad and Tobago"
"555",1996,"Boxing",1,"Tunisia"
"556",1996,"Boxing",1,"Turkey"
"557",1996,"Weightlifting",2,"Turkey"
"558",1996,"Wrestling",3,"Turkey"
"559",1996,"Athletics",1,"Uganda"
"560",1996,"Archery",1,"Ukraine"
"561",1996,"Athletics",4,"Ukraine"
"562",1996,"Boxing",2,"Ukraine"
"563",1996,"Gymnastics",13,"Ukraine"
"564",1996,"Rowing",4,"Ukraine"
"565",1996,"Sailing",4,"Ukraine"
"566",1996,"Weightlifting",2,"Ukraine"
"567",1996,"Wrestling",4,"Ukraine"
"568",1996,"Aquatics",72,"United States"
"569",1996,"Archery",4,"United States"
"570",1996,"Athletics",39,"United States"
"571",1996,"Baseball",20,"United States"
"572",1996,"Basketball",24,"United States"
"573",1996,"Boxing",6,"United States"
"574",1996,"Canoe / Kayak",1,"United States"
"575",1996,"Cycling",3,"United States"
"576",1996,"Equestrian",13,"United States"
"577",1996,"Football",16,"United States"
"578",1996,"Gymnastics",11,"United States"
"579",1996,"Judo",1,"United States"
"580",1996,"Rowing",12,"United States"
"581",1996,"Sailing",4,"United States"
"582",1996,"Shooting",3,"United States"
"583",1996,"Softball",15,"United States"
"584",1996,"Tennis",4,"United States"
"585",1996,"Volleyball",4,"United States"
"586",1996,"Wrestling",8,"United States"
"587",1996,"Boxing",1,"Uzbekistan"
"588",1996,"Judo",1,"Uzbekistan"
"589",1996,"Basketball",12,"Yugoslavia"
"590",1996,"Shooting",2,"Yugoslavia"
"591",1996,"Volleyball",12,"Yugoslavia"
"592",1996,"Athletics",1,"Zambia"
"593",2000,"Athletics",4,"Algeria"
"594",2000,"Athletics",4,"Algeria"
"595",2000,"Boxing",1,"Algeria"
"596",2000,"Boxing",1,"Algeria"
"597",2000,"Hockey",16,"Argentina"
"598",2000,"Sailing",4,"Argentina"
"599",2000,"Weightlifting",1,"Armenia"
"600",2000,"Aquatics",63,"Australia"
"601",2000,"Archery",1,"Australia"
"602",2000,"Athletics",3,"Australia"
"603",2000,"Basketball",12,"Australia"
"604",2000,"Canoe / Kayak",3,"Australia"
"605",2000,"Cycling",9,"Australia"
"606",2000,"Equestrian",5,"Australia"
"607",2000,"Gymnastics",1,"Australia"
"608",2000,"Hockey",32,"Australia"
"609",2000,"Judo",1,"Australia"
"610",2000,"Rowing",21,"Australia"
"611",2000,"Sailing",7,"Australia"
"612",2000,"Shooting",3,"Australia"
"613",2000,"Softball",15,"Australia"
"614",2000,"Taekwondo",2,"Australia"
"615",2000,"Tennis",2,"Australia"
"616",2000,"Triathlon",1,"Australia"
"617",2000,"Volleyball",2,"Australia"
"618",2000,"Athletics",1,"Austria"
"619",2000,"Sailing",3,"Austria"
"620",2000,"Boxing",1,"Azerbaijan"
"621",2000,"Shooting",1,"Azerbaijan"
"622",2000,"Wrestling",1,"Azerbaijan"
"623",2000,"Athletics",6,"Bahamas"
"624",2000,"Athletics",1,"Barbados"
"625",2000,"Cycling",3,"Belgium"
"626",2000,"Judo",2,"Belgium"
"627",2000,"Tennis",2,"Belgium"
"628",2000,"Athletics",5,"Belarus"
"629",2000,"Gymnastics",7,"Belarus"
"630",2000,"Judo",1,"Belarus"
"631",2000,"Modern Pentathlon",1,"Belarus"
"632",2000,"Rowing",1,"Belarus"
"633",2000,"Shooting",4,"Belarus"
"634",2000,"Weightlifting",2,"Belarus"
"635",2000,"Wrestling",1,"Belarus"
"636",2000,"Aquatics",4,"Brazil"
"637",2000,"Athletics",5,"Brazil"
"638",2000,"Basketball",12,"Brazil"
"639",2000,"Equestrian",4,"Brazil"
"640",2000,"Judo",2,"Brazil"
"641",2000,"Sailing",3,"Brazil"
"642",2000,"Volleyball",18,"Brazil"
"643",2000,"Athletics",1,"Bulgaria"
"644",2000,"Canoe / Kayak",2,"Bulgaria"
"645",2000,"Gymnastics",2,"Bulgaria"
"646",2000,"Rowing",1,"Bulgaria"
"647",2000,"Shooting",2,"Bulgaria"
"648",2000,"Weightlifting",3,"Bulgaria"
"649",2000,"Wrestling",2,"Bulgaria"
"650",2000,"Aquatics",12,"Canada"
"651",2000,"Canoe / Kayak",2,"Canada"
"652",2000,"Gymnastics",2,"Canada"
"653",2000,"Judo",1,"Canada"
"654",2000,"Rowing",9,"Canada"
"655",2000,"Taekwondo",1,"Canada"
"656",2000,"Tennis",2,"Canada"
"657",2000,"Triathlon",1,"Canada"
"658",2000,"Wrestling",1,"Canada"
"659",2000,"Football",18,"Chile"
"660",2000,"Aquatics",14,"China"
"661",2000,"Athletics",1,"China"
"662",2000,"Badminton",12,"China"
"663",2000,"Cycling",1,"China"
"664",2000,"Fencing",6,"China"
"665",2000,"Gymnastics",12,"China"
"666",2000,"Judo",4,"China"
"667",2000,"Shooting",8,"China"
"668",2000,"Table Tennis",12,"China"
"669",2000,"Taekwondo",1,"China"
"670",2000,"Weightlifting",7,"China"
"671",2000,"Wrestling",1,"China"
"672",2000,"Football",18,"Cameroon"
"673",2000,"Weightlifting",1,"Colombia"
"674",2000,"Aquatics",2,"Costa Rica"
"675",2000,"Rowing",9,"Croatia"
"676",2000,"Weightlifting",1,"Croatia"
"677",2000,"Athletics",9,"Cuba"
"678",2000,"Baseball",24,"Cuba"
"679",2000,"Boxing",6,"Cuba"
"680",2000,"Canoe / Kayak",3,"Cuba"
"681",2000,"Fencing",3,"Cuba"
"682",2000,"Judo",5,"Cuba"
"683",2000,"Taekwondo",2,"Cuba"
"684",2000,"Volleyball",12,"Cuba"
"685",2000,"Wrestling",5,"Cuba"
"686",2000,"Athletics",2,"Czech Republic"
"687",2000,"Boxing",1,"Czech Republic"
"688",2000,"Canoe / Kayak",3,"Czech Republic"
"689",2000,"Shooting",2,"Czech Republic"
"690",2000,"Triathlon",1,"Czech Republic"
"691",2000,"Athletics",1,"Denmark"
"692",2000,"Badminton",1,"Denmark"
"693",2000,"Handball",15,"Denmark"
"694",2000,"Rowing",4,"Denmark"
"695",2000,"Sailing",3,"Denmark"
"696",2000,"Shooting",1,"Denmark"
"697",2000,"Aquatics",1,"Spain"
"698",2000,"Athletics",1,"Spain"
"699",2000,"Boxing",1,"Spain"
"700",2000,"Cycling",2,"Spain"
"701",2000,"Football",18,"Spain"
"702",2000,"Gymnastics",1,"Spain"
"703",2000,"Handball",15,"Spain"
"704",2000,"Judo",1,"Spain"
"705",2000,"Taekwondo",1,"Spain"
"706",2000,"Tennis",2,"Spain"
"707",2000,"Athletics",1,"Estonia"
"708",2000,"Judo",2,"Estonia"
"709",2000,"Athletics",8,"Ethiopia"
"710",2000,"Athletics",1,"Finland"
"711",2000,"Sailing",2,"Finland"
"712",2000,"Shooting",1,"Finland"
"713",2000,"Wrestling",1,"Finland"
"714",2000,"Aquatics",3,"France"
"715",2000,"Basketball",12,"France"
"716",2000,"Boxing",2,"France"
"717",2000,"Canoe / Kayak",3,"France"
"718",2000,"Cycling",10,"France"
"719",2000,"Fencing",14,"France"
"720",2000,"Gymnastics",2,"France"
"721",2000,"Judo",6,"France"
"722",2000,"Rowing",8,"France"
"723",2000,"Shooting",2,"France"
"724",2000,"Table Tennis",2,"France"
"725",2000,"Taekwondo",1,"France"
"726",2000,"Tennis",1,"France"
"727",2000,"Athletics",6,"United Kingdom"
"728",2000,"Badminton",2,"United Kingdom"
"729",2000,"Boxing",1,"United Kingdom"
"730",2000,"Canoe / Kayak",2,"United Kingdom"
"731",2000,"Cycling",11,"United Kingdom"
"732",2000,"Equestrian",4,"United Kingdom"
"733",2000,"Judo",1,"United Kingdom"
"734",2000,"Modern Pentathlon",2,"United Kingdom"
"735",2000,"Rowing",17,"United Kingdom"
"736",2000,"Sailing",7,"United Kingdom"
"737",2000,"Shooting",2,"United Kingdom"
"738",2000,"Boxing",1,"Georgia"
"739",2000,"Judo",1,"Georgia"
"740",2000,"Weightlifting",1,"Georgia"
"741",2000,"Wrestling",3,"Georgia"
"742",2000,"Aquatics",14,"Germany"
"743",2000,"Archery",3,"Germany"
"744",2000,"Athletics",5,"Germany"
"745",2000,"Boxing",1,"Germany"
"746",2000,"Canoe / Kayak",17,"Germany"
"747",2000,"Cycling",14,"Germany"
"748",2000,"Equestrian",10,"Germany"
"749",2000,"Fencing",9,"Germany"
"750",2000,"Football",18,"Germany"
"751",2000,"Judo",1,"Germany"
"752",2000,"Rowing",14,"Germany"
"753",2000,"Sailing",6,"Germany"
"754",2000,"Taekwondo",1,"Germany"
"755",2000,"Tennis",1,"Germany"
"756",2000,"Triathlon",1,"Germany"
"757",2000,"Volleyball",2,"Germany"
"758",2000,"Weightlifting",2,"Germany"
"759",2000,"Athletics",4,"Greece"
"760",2000,"Gymnastics",7,"Greece"
"761",2000,"Taekwondo",1,"Greece"
"762",2000,"Weightlifting",5,"Greece"
"763",2000,"Wrestling",1,"Greece"
"764",2000,"Aquatics",14,"Hungary"
"765",2000,"Boxing",1,"Hungary"
"766",2000,"Canoe / Kayak",17,"Hungary"
"767",2000,"Fencing",1,"Hungary"
"768",2000,"Gymnastics",1,"Hungary"
"769",2000,"Handball",15,"Hungary"
"770",2000,"Modern Pentathlon",1,"Hungary"
"771",2000,"Shooting",1,"Hungary"
"772",2000,"Weightlifting",1,"Hungary"
"773",2000,"Wrestling",1,"Hungary"
"774",2000,"Badminton",5,"Indonesia"
"775",2000,"Weightlifting",3,"Indonesia"
"776",2000,"Weightlifting",1,"India"
"777",2000,"Taekwondo",1,"Iran"
"778",2000,"Weightlifting",2,"Iran"
"779",2000,"Wrestling",1,"Iran"
"780",2000,"Athletics",1,"Ireland"
"781",2000,"Athletics",1,"Iceland"
"782",2000,"Canoe / Kayak",1,"Israel"
"783",2000,"Aquatics",6,"Italy"
"784",2000,"Archery",3,"Italy"
"785",2000,"Athletics",2,"Italy"
"786",2000,"Boxing",1,"Italy"
"787",2000,"Canoe / Kayak",4,"Italy"
"788",2000,"Cycling",4,"Italy"
"789",2000,"Fencing",13,"Italy"
"790",2000,"Judo",4,"Italy"
"791",2000,"Rowing",12,"Italy"
"792",2000,"Sailing",2,"Italy"
"793",2000,"Shooting",2,"Italy"
"794",2000,"Volleyball",12,"Italy"
"795",2000,"Athletics",23,"Jamaica"
"796",2000,"Aquatics",17,"Japan"
"797",2000,"Athletics",1,"Japan"
"798",2000,"Judo",8,"Japan"
"799",2000,"Softball",15,"Japan"
"800",2000,"Taekwondo",1,"Japan"
"801",2000,"Wrestling",1,"Japan"
"802",2000,"Athletics",1,"Kazakhstan"
"803",2000,"Boxing",4,"Kazakhstan"
"804",2000,"Cycling",1,"Kazakhstan"
"805",2000,"Wrestling",1,"Kazakhstan"
"806",2000,"Athletics",7,"Kenya"
"807",2000,"Judo",1,"Kyrgyzstan"
"808",2000,"Archery",9,"South Korea"
"809",2000,"Badminton",4,"South Korea"
"810",2000,"Baseball",24,"South Korea"
"811",2000,"Fencing",2,"South Korea"
"812",2000,"Gymnastics",2,"South Korea"
"813",2000,"Hockey",16,"South Korea"
"814",2000,"Judo",5,"South Korea"
"815",2000,"Shooting",1,"South Korea"
"816",2000,"Table Tennis",2,"South Korea"
"817",2000,"Taekwondo",4,"South Korea"
"818",2000,"Wrestling",4,"South Korea"
"819",2000,"Athletics",1,"Saudi Arabia"
"820",2000,"Equestrian",1,"Saudi Arabia"
"821",2000,"Shooting",1,"Kuwait"
"822",2000,"Athletics",1,"Latvia"
"823",2000,"Gymnastics",1,"Latvia"
"824",2000,"Judo",1,"Latvia"
"825",2000,"Athletics",1,"Lithuania"
"826",2000,"Basketball",12,"Lithuania"
"827",2000,"Cycling",1,"Lithuania"
"828",2000,"Rowing",2,"Lithuania"
"829",2000,"Shooting",1,"Lithuania"
"830",2000,"Athletics",4,"Morocco"
"831",2000,"Boxing",1,"Morocco"
"832",2000,"Boxing",1,"Moldova"
"833",2000,"Shooting",1,"Moldova"
"834",2000,"Aquatics",1,"Mexico"
"835",2000,"Athletics",2,"Mexico"
"836",2000,"Boxing",1,"Mexico"
"837",2000,"Taekwondo",1,"Mexico"
"838",2000,"Weightlifting",1,"Mexico"
"839",2000,"Wrestling",1,"Macedonia"
"840",2000,"Athletics",1,"Mozambique"
"841",2000,"Aquatics",16,"Netherlands"
"842",2000,"Archery",1,"Netherlands"
"843",2000,"Cycling",4,"Netherlands"
"844",2000,"Equestrian",7,"Netherlands"
"845",2000,"Hockey",32,"Netherlands"
"846",2000,"Judo",1,"Netherlands"
"847",2000,"Rowing",15,"Netherlands"
"848",2000,"Sailing",1,"Netherlands"
"849",2000,"Tennis",2,"Netherlands"
"850",2000,"Athletics",7,"Nigeria"
"851",2000,"Weightlifting",1,"Nigeria"
"852",2000,"Athletics",2,"Norway"
"853",2000,"Canoe / Kayak",2,"Norway"
"854",2000,"Football",18,"Norway"
"855",2000,"Handball",15,"Norway"
"856",2000,"Rowing",2,"Norway"
"857",2000,"Sailing",3,"Norway"
"858",2000,"Shooting",1,"Norway"
"859",2000,"Taekwondo",1,"Norway"
"860",2000,"Equestrian",1,"New Zealand"
"861",2000,"Rowing",1,"New Zealand"
"862",2000,"Sailing",2,"New Zealand"
"863",2000,"Athletics",4,"Poland"
"864",2000,"Canoe / Kayak",10,"Poland"
"865",2000,"Fencing",4,"Poland"
"866",2000,"Gymnastics",1,"Poland"
"867",2000,"Rowing",2,"Poland"
"868",2000,"Shooting",1,"Poland"
"869",2000,"Weightlifting",2,"Poland"
"870",2000,"Athletics",1,"Portugal"
"871",2000,"Judo",1,"Portugal"
"872",2000,"Boxing",1,"North Korea"
"873",2000,"Judo",1,"North Korea"
"874",2000,"Weightlifting",1,"North Korea"
"875",2000,"Wrestling",1,"North Korea"
"876",2000,"Weightlifting",1,"Qatar"
"877",2000,"Aquatics",4,"Romania"
"878",2000,"Athletics",5,"Romania"
"879",2000,"Boxing",2,"Romania"
"880",2000,"Canoe / Kayak",8,"Romania"
"881",2000,"Fencing",1,"Romania"
"882",2000,"Gymnastics",11,"Romania"
"883",2000,"Judo",1,"Romania"
"884",2000,"Rowing",13,"Romania"
"885",2000,"Shooting",1,"Romania"
"886",2000,"Aquatics",2,"South Africa"
"887",2000,"Athletics",3,"South Africa"
"888",2000,"Aquatics",46,"Russia"
"889",2000,"Athletics",18,"Russia"
"890",2000,"Boxing",7,"Russia"
"891",2000,"Canoe / Kayak",1,"Russia"
"892",2000,"Cycling",4,"Russia"
"893",2000,"Fencing",9,"Russia"
"894",2000,"Gymnastics",35,"Russia"
"895",2000,"Handball",15,"Russia"
"896",2000,"Judo",3,"Russia"
"897",2000,"Modern Pentathlon",1,"Russia"
"898",2000,"Rowing",4,"Russia"
"899",2000,"Shooting",6,"Russia"
"900",2000,"Taekwondo",1,"Russia"
"901",2000,"Tennis",2,"Russia"
"902",2000,"Volleyball",24,"Russia"
"903",2000,"Weightlifting",3,"Russia"
"904",2000,"Wrestling",9,"Russia"
"905",2000,"Rowing",2,"Slovenia"
"906",2000,"Shooting",1,"Slovenia"
"907",2000,"Athletics",1,"Sri Lanka"
"908",2000,"Cycling",2,"Switzerland"
"909",2000,"Equestrian",4,"Switzerland"
"910",2000,"Fencing",4,"Switzerland"
"911",2000,"Rowing",1,"Switzerland"
"912",2000,"Shooting",1,"Switzerland"
"913",2000,"Triathlon",2,"Switzerland"
"914",2000,"Aquatics",2,"Slovakia"
"915",2000,"Canoe / Kayak",4,"Slovakia"
"916",2000,"Aquatics",9,"Sweden"
"917",2000,"Athletics",1,"Sweden"
"918",2000,"Canoe / Kayak",2,"Sweden"
"919",2000,"Handball",15,"Sweden"
"920",2000,"Sailing",1,"Sweden"
"921",2000,"Shooting",2,"Sweden"
"922",2000,"Table Tennis",1,"Sweden"
"923",2000,"Wrestling",1,"Sweden"
"924",2000,"Boxing",2,"Thailand"
"925",2000,"Weightlifting",1,"Thailand"
"926",2000,"Table Tennis",1,"Taiwan"
"927",2000,"Taekwondo",2,"Taiwan"
"928",2000,"Weightlifting",2,"Taiwan"
"929",2000,"Athletics",2,"Trinidad and Tobago"
"930",2000,"Judo",1,"Turkey"
"931",2000,"Taekwondo",1,"Turkey"
"932",2000,"Weightlifting",1,"Turkey"
"933",2000,"Wrestling",2,"Turkey"
"934",2000,"Aquatics",6,"Ukraine"
"935",2000,"Archery",3,"Ukraine"
"936",2000,"Athletics",2,"Ukraine"
"937",2000,"Boxing",5,"Ukraine"
"938",2000,"Cycling",5,"Ukraine"
"939",2000,"Gymnastics",8,"Ukraine"
"940",2000,"Judo",1,"Ukraine"
"941",2000,"Sailing",2,"Ukraine"
"942",2000,"Shooting",1,"Ukraine"
"943",2000,"Wrestling",2,"Ukraine"
"944",2000,"Cycling",1,"Uruguay"
"945",2000,"Aquatics",80,"United States"
"946",2000,"Archery",4,"United States"
"947",2000,"Athletics",27,"United States"
"948",2000,"Baseball",24,"United States"
"949",2000,"Basketball",24,"United States"
"950",2000,"Boxing",4,"United States"
"951",2000,"Cycling",3,"United States"
"952",2000,"Equestrian",9,"United States"
"953",2000,"Football",18,"United States"
"954",2000,"Gymnastics",6,"United States"
"955",2000,"Modern Pentathlon",1,"United States"
"956",2000,"Rowing",6,"United States"
"957",2000,"Sailing",8,"United States"
"958",2000,"Shooting",3,"United States"
"959",2000,"Softball",15,"United States"
"960",2000,"Taekwondo",1,"United States"
"961",2000,"Tennis",4,"United States"
"962",2000,"Volleyball",2,"United States"
"963",2000,"Weightlifting",2,"United States"
"964",2000,"Wrestling",7,"United States"
"965",2000,"Boxing",3,"Uzbekistan"
"966",2000,"Wrestling",1,"Uzbekistan"
"967",2000,"Taekwondo",1,"Vietnam"
"968",2000,"Aquatics",13,"Yugoslavia"
"969",2000,"Shooting",1,"Yugoslavia"
"970",2000,"Volleyball",12,"Yugoslavia"
"971",2004,"Aquatics",1,"Argentina"
"972",2004,"Basketball",12,"Argentina"
"973",2004,"Football",14,"Argentina"
"974",2004,"Hockey",16,"Argentina"
"975",2004,"Sailing",2,"Argentina"
"976",2004,"Tennis",2,"Argentina"
"977",2004,"Aquatics",40,"Australia"
"978",2004,"Archery",1,"Australia"
"979",2004,"Athletics",7,"Australia"
"980",2004,"Baseball",24,"Australia"
"981",2004,"Basketball",12,"Australia"
"982",2004,"Canoe / Kayak",3,"Australia"
"983",2004,"Cycling",16,"Australia"
"984",2004,"Hockey",16,"Australia"
"985",2004,"Rowing",19,"Australia"
"986",2004,"Shooting",2,"Australia"
"987",2004,"Softball",15,"Australia"
"988",2004,"Tennis",1,"Australia"
"989",2004,"Triathlon",1,"Australia"
"990",2004,"Aquatics",2,"Austria"
"991",2004,"Judo",1,"Austria"
"992",2004,"Sailing",3,"Austria"
"993",2004,"Shooting",1,"Austria"
"994",2004,"Triathlon",1,"Austria"
"995",2004,"Boxing",2,"Azerbaijan"
"996",2004,"Shooting",2,"Azerbaijan"
"997",2004,"Wrestling",1,"Azerbaijan"
"998",2004,"Athletics",2,"Bahamas"
"999",2004,"Cycling",1,"Belgium"
"1000",2004,"Judo",1,"Belgium"
"1001",2004,"Tennis",1,"Belgium"
"1002",2004,"Athletics",3,"Belarus"
"1003",2004,"Boxing",2,"Belarus"
"1004",2004,"Canoe / Kayak",2,"Belarus"
"1005",2004,"Cycling",1,"Belarus"
"1006",2004,"Judo",1,"Belarus"
"1007",2004,"Rowing",3,"Belarus"
"1008",2004,"Shooting",1,"Belarus"
"1009",2004,"Weightlifting",3,"Belarus"
"1010",2004,"Wrestling",1,"Belarus"
"1011",2004,"Athletics",1,"Brazil"
"1012",2004,"Equestrian",1,"Brazil"
"1013",2004,"Football",17,"Brazil"
"1014",2004,"Judo",2,"Brazil"
"1015",2004,"Sailing",3,"Brazil"
"1016",2004,"Volleyball",16,"Brazil"
"1017",2004,"Boxing",1,"Bulgaria"
"1018",2004,"Gymnastics",8,"Bulgaria"
"1019",2004,"Judo",1,"Bulgaria"
"1020",2004,"Rowing",2,"Bulgaria"
"1021",2004,"Shooting",2,"Bulgaria"
"1022",2004,"Weightlifting",2,"Bulgaria"
"1023",2004,"Wrestling",1,"Bulgaria"
"1024",2004,"Aquatics",3,"Canada"
"1025",2004,"Canoe / Kayak",3,"Canada"
"1026",2004,"Cycling",2,"Canada"
"1027",2004,"Gymnastics",2,"Canada"
"1028",2004,"Rowing",4,"Canada"
"1029",2004,"Sailing",2,"Canada"
"1030",2004,"Wrestling",1,"Canada"
"1031",2004,"Tennis",4,"Chile"
"1032",2004,"Aquatics",18,"China"
"1033",2004,"Archery",3,"China"
"1034",2004,"Athletics",2,"China"
"1035",2004,"Badminton",8,"China"
"1036",2004,"Boxing",1,"China"
"1037",2004,"Canoe / Kayak",2,"China"
"1038",2004,"Cycling",1,"China"
"1039",2004,"Fencing",6,"China"
"1040",2004,"Gymnastics",4,"China"
"1041",2004,"Judo",5,"China"
"1042",2004,"Sailing",1,"China"
"1043",2004,"Shooting",9,"China"
"1044",2004,"Table Tennis",9,"China"
"1045",2004,"Taekwondo",2,"China"
"1046",2004,"Tennis",2,"China"
"1047",2004,"Volleyball",12,"China"
"1048",2004,"Weightlifting",8,"China"
"1049",2004,"Wrestling",1,"China"
"1050",2004,"Athletics",1,"Cameroon"
"1051",2004,"Cycling",1,"Colombia"
"1052",2004,"Weightlifting",1,"Colombia"
"1053",2004,"Aquatics",1,"Croatia"
"1054",2004,"Handball",14,"Croatia"
"1055",2004,"Rowing",2,"Croatia"
"1056",2004,"Tennis",2,"Croatia"
"1057",2004,"Weightlifting",1,"Croatia"
"1058",2004,"Athletics",5,"Cuba"
"1059",2004,"Baseball",23,"Cuba"
"1060",2004,"Boxing",8,"Cuba"
"1061",2004,"Canoe / Kayak",2,"Cuba"
"1062",2004,"Judo",6,"Cuba"
"1063",2004,"Shooting",1,"Cuba"
"1064",2004,"Taekwondo",1,"Cuba"
"1065",2004,"Volleyball",12,"Cuba"
"1066",2004,"Wrestling",3,"Cuba"
"1067",2004,"Athletics",2,"Czech Republic"
"1068",2004,"Canoe / Kayak",2,"Czech Republic"
"1069",2004,"Modern Pentathlon",1,"Czech Republic"
"1070",2004,"Rowing",4,"Czech Republic"
"1071",2004,"Sailing",1,"Czech Republic"
"1072",2004,"Shooting",2,"Czech Republic"
"1073",2004,"Athletics",2,"Denmark"
"1074",2004,"Badminton",2,"Denmark"
"1075",2004,"Handball",15,"Denmark"
"1076",2004,"Rowing",4,"Denmark"
"1077",2004,"Sailing",4,"Denmark"
"1078",2004,"Table Tennis",2,"Denmark"
"1079",2004,"Athletics",1,"Dominican Republic"
"1080",2004,"Boxing",3,"Egypt"
"1081",2004,"Taekwondo",1,"Egypt"
"1082",2004,"Wrestling",1,"Egypt"
"1083",2004,"Athletics",1,"Eritrea"
"1084",2004,"Athletics",2,"Spain"
"1085",2004,"Canoe / Kayak",2,"Spain"
"1086",2004,"Cycling",8,"Spain"
"1087",2004,"Equestrian",5,"Spain"
"1088",2004,"Gymnastics",2,"Spain"
"1089",2004,"Sailing",5,"Spain"
"1090",2004,"Shooting",1,"Spain"
"1091",2004,"Volleyball",2,"Spain"
"1092",2004,"Athletics",1,"Estonia"
"1093",2004,"Judo",1,"Estonia"
"1094",2004,"Rowing",1,"Estonia"
"1095",2004,"Athletics",7,"Ethiopia"
"1096",2004,"Shooting",1,"Finland"
"1097",2004,"Wrestling",1,"Finland"
"1098",2004,"Aquatics",6,"France"
"1099",2004,"Athletics",5,"France"
"1100",2004,"Boxing",1,"France"
"1101",2004,"Canoe / Kayak",3,"France"
"1102",2004,"Cycling",5,"France"
"1103",2004,"Equestrian",5,"France"
"1104",2004,"Fencing",14,"France"
"1105",2004,"Gymnastics",1,"France"
"1106",2004,"Judo",1,"France"
"1107",2004,"Rowing",4,"France"
"1108",2004,"Sailing",3,"France"
"1109",2004,"Taekwondo",2,"France"
"1110",2004,"Tennis",1,"France"
"1111",2004,"Wrestling",2,"France"
"1112",2004,"Aquatics",4,"United Kingdom"
"1113",2004,"Archery",1,"United Kingdom"
"1114",2004,"Athletics",7,"United Kingdom"
"1115",2004,"Badminton",2,"United Kingdom"
"1116",2004,"Boxing",1,"United Kingdom"
"1117",2004,"Canoe / Kayak",3,"United Kingdom"
"1118",2004,"Cycling",10,"United Kingdom"
"1119",2004,"Equestrian",7,"United Kingdom"
"1120",2004,"Modern Pentathlon",1,"United Kingdom"
"1121",2004,"Rowing",12,"United Kingdom"
"1122",2004,"Sailing",9,"United Kingdom"
"1123",2004,"Judo",2,"Georgia"
"1124",2004,"Weightlifting",1,"Georgia"
"1125",2004,"Wrestling",1,"Georgia"
"1126",2004,"Aquatics",19,"Germany"
"1127",2004,"Athletics",2,"Germany"
"1128",2004,"Boxing",2,"Germany"
"1129",2004,"Canoe / Kayak",19,"Germany"
"1130",2004,"Cycling",8,"Germany"
"1131",2004,"Equestrian",9,"Germany"
"1132",2004,"Fencing",6,"Germany"
"1133",2004,"Football",17,"Germany"
"1134",2004,"Gymnastics",2,"Germany"
"1135",2004,"Handball",15,"Germany"
"1136",2004,"Hockey",32,"Germany"
"1137",2004,"Judo",4,"Germany"
"1138",2004,"Rowing",9,"Germany"
"1139",2004,"Shooting",3,"Germany"
"1140",2004,"Tennis",2,"Germany"
"1141",2004,"Aquatics",15,"Greece"
"1142",2004,"Athletics",5,"Greece"
"1143",2004,"Gymnastics",1,"Greece"
"1144",2004,"Judo",1,"Greece"
"1145",2004,"Rowing",2,"Greece"
"1146",2004,"Sailing",3,"Greece"
"1147",2004,"Taekwondo",2,"Greece"
"1148",2004,"Weightlifting",1,"Greece"
"1149",2004,"Wrestling",1,"Greece"
"1150",2004,"Table Tennis",2,"Hong Kong"
"1151",2004,"Aquatics",15,"Hungary"
"1152",2004,"Athletics",1,"Hungary"
"1153",2004,"Canoe / Kayak",14,"Hungary"
"1154",2004,"Fencing",6,"Hungary"
"1155",2004,"Modern Pentathlon",1,"Hungary"
"1156",2004,"Shooting",1,"Hungary"
"1157",2004,"Weightlifting",1,"Hungary"
"1158",2004,"Wrestling",1,"Hungary"
"1159",2004,"Badminton",4,"Indonesia"
"1160",2004,"Weightlifting",1,"Indonesia"
"1161",2004,"Shooting",1,"India"
"1162",2004,"Taekwondo",2,"Iran"
"1163",2004,"Weightlifting",1,"Iran"
"1164",2004,"Wrestling",3,"Iran"
"1165",2004,"Judo",1,"Israel"
"1166",2004,"Sailing",1,"Israel"
"1167",2004,"Aquatics",20,"Italy"
"1168",2004,"Archery",1,"Italy"
"1169",2004,"Athletics",3,"Italy"
"1170",2004,"Basketball",11,"Italy"
"1171",2004,"Boxing",1,"Italy"
"1172",2004,"Canoe / Kayak",3,"Italy"
"1173",2004,"Cycling",1,"Italy"
"1174",2004,"Fencing",11,"Italy"
"1175",2004,"Football",17,"Italy"
"1176",2004,"Gymnastics",8,"Italy"
"1177",2004,"Judo",1,"Italy"
"1178",2004,"Rowing",10,"Italy"
"1179",2004,"Sailing",1,"Italy"
"1180",2004,"Shooting",3,"Italy"
"1181",2004,"Volleyball",11,"Italy"
"1182",2004,"Athletics",13,"Jamaica"
"1183",2004,"Aquatics",22,"Japan"
"1184",2004,"Archery",1,"Japan"
"1185",2004,"Athletics",2,"Japan"
"1186",2004,"Baseball",24,"Japan"
"1187",2004,"Cycling",3,"Japan"
"1188",2004,"Gymnastics",9,"Japan"
"1189",2004,"Judo",10,"Japan"
"1190",2004,"Sailing",2,"Japan"
"1191",2004,"Softball",15,"Japan"
"1192",2004,"Wrestling",6,"Japan"
"1193",2004,"Athletics",1,"Kazakhstan"
"1194",2004,"Boxing",3,"Kazakhstan"
"1195",2004,"Weightlifting",1,"Kazakhstan"
"1196",2004,"Wrestling",3,"Kazakhstan"
"1197",2004,"Athletics",7,"Kenya"
"1198",2004,"Archery",8,"South Korea"
"1199",2004,"Badminton",7,"South Korea"
"1200",2004,"Boxing",2,"South Korea"
"1201",2004,"Gymnastics",2,"South Korea"
"1202",2004,"Handball",15,"South Korea"
"1203",2004,"Judo",3,"South Korea"
"1204",2004,"Shooting",3,"South Korea"
"1205",2004,"Table Tennis",4,"South Korea"
"1206",2004,"Taekwondo",4,"South Korea"
"1207",2004,"Weightlifting",2,"South Korea"
"1208",2004,"Wrestling",2,"South Korea"
"1209",2004,"Athletics",1,"Latvia"
"1210",2004,"Gymnastics",1,"Latvia"
"1211",2004,"Modern Pentathlon",1,"Latvia"
"1212",2004,"Weightlifting",1,"Latvia"
"1213",2004,"Athletics",2,"Lithuania"
"1214",2004,"Modern Pentathlon",1,"Lithuania"
"1215",2004,"Athletics",3,"Morocco"
"1216",2004,"Athletics",1,"Mexico"
"1217",2004,"Cycling",1,"Mexico"
"1218",2004,"Taekwondo",2,"Mexico"
"1219",2004,"Judo",1,"Mongolia"
"1220",2004,"Aquatics",15,"Netherlands"
"1221",2004,"Badminton",1,"Netherlands"
"1222",2004,"Cycling",4,"Netherlands"
"1223",2004,"Equestrian",1,"Netherlands"
"1224",2004,"Hockey",31,"Netherlands"
"1225",2004,"Judo",4,"Netherlands"
"1226",2004,"Rowing",20,"Netherlands"
"1227",2004,"Athletics",8,"Nigeria"
"1228",2004,"Athletics",1,"Norway"
"1229",2004,"Canoe / Kayak",3,"Norway"
"1230",2004,"Cycling",1,"Norway"
"1231",2004,"Rowing",1,"Norway"
"1232",2004,"Sailing",1,"Norway"
"1233",2004,"Canoe / Kayak",1,"New Zealand"
"1234",2004,"Cycling",1,"New Zealand"
"1235",2004,"Rowing",2,"New Zealand"
"1236",2004,"Triathlon",2,"New Zealand"
"1237",2004,"Football",17,"Paraguay"
"1238",2004,"Aquatics",3,"Poland"
"1239",2004,"Athletics",2,"Poland"
"1240",2004,"Canoe / Kayak",2,"Poland"
"1241",2004,"Fencing",1,"Poland"
"1242",2004,"Rowing",2,"Poland"
"1243",2004,"Sailing",1,"Poland"
"1244",2004,"Weightlifting",1,"Poland"
"1245",2004,"Athletics",2,"Portugal"
"1246",2004,"Cycling",1,"Portugal"
"1247",2004,"Boxing",1,"North Korea"
"1248",2004,"Judo",1,"North Korea"
"1249",2004,"Shooting",1,"North Korea"
"1250",2004,"Table Tennis",1,"North Korea"
"1251",2004,"Weightlifting",1,"North Korea"
"1252",2004,"Aquatics",2,"Romania"
"1253",2004,"Athletics",3,"Romania"
"1254",2004,"Boxing",1,"Romania"
"1255",2004,"Gymnastics",20,"Romania"
"1256",2004,"Rowing",13,"Romania"
"1257",2004,"Aquatics",6,"South Africa"
"1258",2004,"Athletics",2,"South Africa"
"1259",2004,"Rowing",2,"South Africa"
"1260",2004,"Aquatics",31,"Russia"
"1261",2004,"Athletics",28,"Russia"
"1262",2004,"Basketball",11,"Russia"
"1263",2004,"Boxing",6,"Russia"
"1264",2004,"Canoe / Kayak",5,"Russia"
"1265",2004,"Cycling",5,"Russia"
"1266",2004,"Fencing",13,"Russia"
"1267",2004,"Gymnastics",17,"Russia"
"1268",2004,"Handball",14,"Russia"
"1269",2004,"Judo",5,"Russia"
"1270",2004,"Modern Pentathlon",1,"Russia"
"1271",2004,"Rowing",4,"Russia"
"1272",2004,"Shooting",10,"Russia"
"1273",2004,"Volleyball",24,"Russia"
"1274",2004,"Weightlifting",8,"Russia"
"1275",2004,"Wrestling",10,"Russia"
"1276",2004,"Aquatics",13,"Serbia"
"1277",2004,"Aquatics",13,"Serbia and Montenegro"
"1278",2004,"Shooting",1,"Serbia"
"1279",2004,"Shooting",1,"Serbia and Montenegro"
"1280",2004,"Athletics",1,"Slovenia"
"1281",2004,"Judo",1,"Slovenia"
"1282",2004,"Rowing",2,"Slovenia"
"1283",2004,"Sailing",1,"Slovenia"
"1284",2004,"Cycling",3,"Switzerland"
"1285",2004,"Fencing",1,"Switzerland"
"1286",2004,"Triathlon",1,"Switzerland"
"1287",2004,"Volleyball",2,"Switzerland"
"1288",2004,"Canoe / Kayak",8,"Slovakia"
"1289",2004,"Judo",1,"Slovakia"
"1290",2004,"Shooting",1,"Slovakia"
"1291",2004,"Athletics",3,"Sweden"
"1292",2004,"Canoe / Kayak",2,"Sweden"
"1293",2004,"Equestrian",4,"Sweden"
"1294",2004,"Sailing",2,"Sweden"
"1295",2004,"Wrestling",1,"Sweden"
"1296",2004,"Boxing",1,"Syria"
"1297",2004,"Boxing",3,"Thailand"
"1298",2004,"Taekwondo",1,"Thailand"
"1299",2004,"Weightlifting",4,"Thailand"
"1300",2004,"Archery",6,"Taiwan"
"1301",2004,"Taekwondo",3,"Taiwan"
"1302",2004,"Aquatics",1,"Trinidad and Tobago"
"1303",2004,"Athletics",1,"Turkey"
"1304",2004,"Boxing",1,"Turkey"
"1305",2004,"Taekwondo",1,"Turkey"
"1306",2004,"Weightlifting",4,"Turkey"
"1307",2004,"Wrestling",3,"Turkey"
"1308",2004,"Shooting",1,"United Arab Emirates"
"1309",2004,"Aquatics",3,"Ukraine"
"1310",2004,"Archery",3,"Ukraine"
"1311",2004,"Athletics",4,"Ukraine"
"1312",2004,"Canoe / Kayak",4,"Ukraine"
"1313",2004,"Fencing",1,"Ukraine"
"1314",2004,"Gymnastics",3,"Ukraine"
"1315",2004,"Handball",15,"Ukraine"
"1316",2004,"Judo",1,"Ukraine"
"1317",2004,"Rowing",4,"Ukraine"
"1318",2004,"Sailing",5,"Ukraine"
"1319",2004,"Shooting",1,"Ukraine"
"1320",2004,"Weightlifting",2,"Ukraine"
"1321",2004,"Wrestling",2,"Ukraine"
"1322",2004,"Aquatics",89,"United States"
"1323",2004,"Athletics",38,"United States"
"1324",2004,"Basketball",24,"United States"
"1325",2004,"Boxing",2,"United States"
"1326",2004,"Canoe / Kayak",1,"United States"
"1327",2004,"Cycling",3,"United States"
"1328",2004,"Equestrian",15,"United States"
"1329",2004,"Fencing",2,"United States"
"1330",2004,"Football",16,"United States"
"1331",2004,"Gymnastics",19,"United States"
"1332",2004,"Judo",1,"United States"
"1333",2004,"Rowing",18,"United States"
"1334",2004,"Sailing",4,"United States"
"1335",2004,"Shooting",3,"United States"
"1336",2004,"Softball",15,"United States"
"1337",2004,"Taekwondo",2,"United States"
"1338",2004,"Tennis",1,"United States"
"1339",2004,"Triathlon",1,"United States"
"1340",2004,"Volleyball",4,"United States"
"1341",2004,"Wrestling",6,"United States"
"1342",2004,"Boxing",2,"Uzbekistan"
"1343",2004,"Wrestling",3,"Uzbekistan"
"1344",2004,"Taekwondo",1,"Venezuela"
"1345",2004,"Weightlifting",1,"Venezuela"
"1346",2004,"Aquatics",3,"Zimbabwe"
"1347",2008,"Taekwondo",1,"Afghanistan"
"1348",2008,"Judo",2,"Algeria"
"1349",2008,"Judo",2,"Algeria"
"1350",2008,"Basketball",12,"Argentina"
"1351",2008,"Cycling",2,"Argentina"
"1352",2008,"Football",18,"Argentina"
"1353",2008,"Hockey",16,"Argentina"
"1354",2008,"Judo",1,"Argentina"
"1355",2008,"Sailing",2,"Argentina"
"1356",2008,"Boxing",1,"Armenia"
"1357",2008,"Weightlifting",3,"Armenia"
"1358",2008,"Wrestling",2,"Armenia"
"1359",2008,"Aquatics",70,"Australia"
"1360",2008,"Athletics",4,"Australia"
"1361",2008,"Basketball",12,"Australia"
"1362",2008,"Canoe / Kayak",8,"Australia"
"1363",2008,"Cycling",1,"Australia"
"1364",2008,"Equestrian",5,"Australia"
"1365",2008,"Hockey",17,"Australia"
"1366",2008,"Rowing",8,"Australia"
"1367",2008,"Sailing",6,"Australia"
"1368",2008,"Shooting",1,"Australia"
"1369",2008,"Softball",15,"Australia"
"1370",2008,"Triathlon",2,"Australia"
"1371",2008,"Aquatics",1,"Austria"
"1372",2008,"Canoe / Kayak",1,"Austria"
"1373",2008,"Judo",1,"Austria"
"1374",2008,"Boxing",1,"Azerbaijan"
"1375",2008,"Judo",2,"Azerbaijan"
"1376",2008,"Wrestling",4,"Azerbaijan"
"1377",2008,"Athletics",5,"Bahamas"
"1378",2008,"Athletics",5,"Belgium"
"1379",2008,"Athletics",7,"Belarus"
"1380",2008,"Canoe / Kayak",8,"Belarus"
"1381",2008,"Gymnastics",7,"Belarus"
"1382",2008,"Rowing",3,"Belarus"
"1383",2008,"Weightlifting",3,"Belarus"
"1384",2008,"Wrestling",2,"Belarus"
"1385",2008,"Aquatics",2,"Brazil"
"1386",2008,"Athletics",1,"Brazil"
"1387",2008,"Football",36,"Brazil"
"1388",2008,"Judo",3,"Brazil"
"1389",2008,"Sailing",4,"Brazil"
"1390",2008,"Taekwondo",1,"Brazil"
"1391",2008,"Volleyball",28,"Brazil"
"1392",2008,"Rowing",1,"Bulgaria"
"1393",2008,"Wrestling",4,"Bulgaria"
"1394",2008,"Aquatics",3,"Canada"
"1395",2008,"Athletics",1,"Canada"
"1396",2008,"Canoe / Kayak",2,"Canada"
"1397",2008,"Equestrian",5,"Canada"
"1398",2008,"Gymnastics",2,"Canada"
"1399",2008,"Rowing",17,"Canada"
"1400",2008,"Taekwondo",1,"Canada"
"1401",2008,"Triathlon",1,"Canada"
"1402",2008,"Wrestling",2,"Canada"
"1403",2008,"Tennis",1,"Chile"
"1404",2008,"Aquatics",38,"China"
"1405",2008,"Archery",7,"China"
"1406",2008,"Athletics",2,"China"
"1407",2008,"Badminton",12,"China"
"1408",2008,"Boxing",4,"China"
"1409",2008,"Canoe / Kayak",2,"China"
"1410",2008,"Cycling",1,"China"
"1411",2008,"Fencing",5,"China"
"1412",2008,"Gymnastics",33,"China"
"1413",2008,"Hockey",16,"China"
"1414",2008,"Judo",4,"China"
"1415",2008,"Rowing",6,"China"
"1416",2008,"Sailing",2,"China"
"1417",2008,"Shooting",8,"China"
"1418",2008,"Table Tennis",12,"China"
"1419",2008,"Taekwondo",2,"China"
"1420",2008,"Tennis",2,"China"
"1421",2008,"Volleyball",16,"China"
"1422",2008,"Weightlifting",9,"China"
"1423",2008,"Wrestling",3,"China"
"1424",2008,"Athletics",1,"Cameroon"
"1425",2008,"Weightlifting",1,"Colombia"
"1426",2008,"Wrestling",1,"Colombia"
"1427",2008,"Athletics",1,"Croatia"
"1428",2008,"Gymnastics",1,"Croatia"
"1429",2008,"Shooting",1,"Croatia"
"1430",2008,"Taekwondo",2,"Croatia"
"1431",2008,"Athletics",5,"Cuba"
"1432",2008,"Baseball",24,"Cuba"
"1433",2008,"Boxing",8,"Cuba"
"1434",2008,"Cycling",1,"Cuba"
"1435",2008,"Judo",6,"Cuba"
"1436",2008,"Shooting",1,"Cuba"
"1437",2008,"Taekwondo",1,"Cuba"
"1438",2008,"Wrestling",1,"Cuba"
"1439",2008,"Athletics",1,"Czech Republic"
"1440",2008,"Canoe / Kayak",2,"Czech Republic"
"1441",2008,"Rowing",1,"Czech Republic"
"1442",2008,"Shooting",3,"Czech Republic"
"1443",2008,"Aquatics",1,"Denmark"
"1444",2008,"Canoe / Kayak",2,"Denmark"
"1445",2008,"Cycling",4,"Denmark"
"1446",2008,"Equestrian",3,"Denmark"
"1447",2008,"Rowing",6,"Denmark"
"1448",2008,"Sailing",2,"Denmark"
"1449",2008,"Boxing",1,"Dominican Republic"
"1450",2008,"Taekwondo",1,"Dominican Republic"
"1451",2008,"Athletics",1,"Ecuador"
"1452",2008,"Judo",1,"Egypt"
"1453",2008,"Aquatics",11,"Spain"
"1454",2008,"Basketball",12,"Spain"
"1455",2008,"Canoe / Kayak",4,"Spain"
"1456",2008,"Cycling",5,"Spain"
"1457",2008,"Fencing",1,"Spain"
"1458",2008,"Gymnastics",1,"Spain"
"1459",2008,"Handball",14,"Spain"
"1460",2008,"Hockey",16,"Spain"
"1461",2008,"Sailing",4,"Spain"
"1462",2008,"Tennis",3,"Spain"
"1463",2008,"Athletics",1,"Estonia"
"1464",2008,"Rowing",2,"Estonia"
"1465",2008,"Athletics",7,"Ethiopia"
"1466",2008,"Athletics",1,"Finland"
"1467",2008,"Rowing",2,"Finland"
"1468",2008,"Shooting",2,"Finland"
"1469",2008,"Aquatics",11,"France"
"1470",2008,"Archery",3,"France"
"1471",2008,"Athletics",2,"France"
"1472",2008,"Boxing",3,"France"
"1473",2008,"Canoe / Kayak",3,"France"
"1474",2008,"Cycling",8,"France"
"1475",2008,"Fencing",8,"France"
"1476",2008,"Gymnastics",2,"France"
"1477",2008,"Handball",15,"France"
"1478",2008,"Judo",4,"France"
"1479",2008,"Rowing",8,"France"
"1480",2008,"Sailing",4,"France"
"1481",2008,"Shooting",1,"France"
"1482",2008,"Taekwondo",1,"France"
"1483",2008,"Weightlifting",1,"France"
"1484",2008,"Wrestling",2,"France"
"1485",2008,"Aquatics",6,"United Kingdom"
"1486",2008,"Athletics",4,"United Kingdom"
"1487",2008,"Boxing",3,"United Kingdom"
"1488",2008,"Canoe / Kayak",3,"United Kingdom"
"1489",2008,"Cycling",19,"United Kingdom"
"1490",2008,"Equestrian",6,"United Kingdom"
"1491",2008,"Gymnastics",1,"United Kingdom"
"1492",2008,"Modern Pentathlon",1,"United Kingdom"
"1493",2008,"Rowing",23,"United Kingdom"
"1494",2008,"Sailing",10,"United Kingdom"
"1495",2008,"Taekwondo",1,"United Kingdom"
"1496",2008,"Judo",1,"Georgia"
"1497",2008,"Shooting",1,"Georgia"
"1498",2008,"Wrestling",4,"Georgia"
"1499",2008,"Aquatics",7,"Germany"
"1500",2008,"Athletics",1,"Germany"
"1501",2008,"Canoe / Kayak",18,"Germany"
"1502",2008,"Cycling",5,"Germany"
"1503",2008,"Equestrian",11,"Germany"
"1504",2008,"Fencing",2,"Germany"
"1505",2008,"Football",18,"Germany"
"1506",2008,"Gymnastics",2,"Germany"
"1507",2008,"Hockey",17,"Germany"
"1508",2008,"Judo",1,"Germany"
"1509",2008,"Modern Pentathlon",1,"Germany"
"1510",2008,"Rowing",6,"Germany"
"1511",2008,"Sailing",2,"Germany"
"1512",2008,"Shooting",4,"Germany"
"1513",2008,"Table Tennis",3,"Germany"
"1514",2008,"Triathlon",1,"Germany"
"1515",2008,"Weightlifting",1,"Germany"
"1516",2008,"Wrestling",1,"Germany"
"1517",2008,"Athletics",1,"Greece"
"1518",2008,"Rowing",2,"Greece"
"1519",2008,"Sailing",3,"Greece"
"1520",2008,"Taekwondo",1,"Greece"
"1521",2008,"Aquatics",16,"Hungary"
"1522",2008,"Canoe / Kayak",9,"Hungary"
"1523",2008,"Fencing",1,"Hungary"
"1524",2008,"Wrestling",1,"Hungary"
"1525",2008,"Badminton",5,"Indonesia"
"1526",2008,"Weightlifting",2,"Indonesia"
"1527",2008,"Boxing",1,"India"
"1528",2008,"Shooting",1,"India"
"1529",2008,"Wrestling",1,"India"
"1530",2008,"Taekwondo",1,"Iran"
"1531",2008,"Wrestling",1,"Iran"
"1532",2008,"Boxing",3,"Ireland"
"1533",2008,"Handball",14,"Iceland"
"1534",2008,"Sailing",1,"Israel"
"1535",2008,"Aquatics",2,"Italy"
"1536",2008,"Archery",3,"Italy"
"1537",2008,"Athletics",2,"Italy"
"1538",2008,"Boxing",3,"Italy"
"1539",2008,"Canoe / Kayak",3,"Italy"
"1540",2008,"Cycling",1,"Italy"
"1541",2008,"Fencing",16,"Italy"
"1542",2008,"Judo",1,"Italy"
"1543",2008,"Rowing",4,"Italy"
"1544",2008,"Sailing",2,"Italy"
"1545",2008,"Shooting",3,"Italy"
"1546",2008,"Taekwondo",1,"Italy"
"1547",2008,"Wrestling",1,"Italy"
"1548",2008,"Athletics",17,"Jamaica"
"1549",2008,"Aquatics",10,"Japan"
"1550",2008,"Athletics",4,"Japan"
"1551",2008,"Cycling",1,"Japan"
"1552",2008,"Fencing",1,"Japan"
"1553",2008,"Gymnastics",7,"Japan"
"1554",2008,"Judo",7,"Japan"
"1555",2008,"Softball",15,"Japan"
"1556",2008,"Wrestling",6,"Japan"
"1557",2008,"Boxing",2,"Kazakhstan"
"1558",2008,"Judo",1,"Kazakhstan"
"1559",2008,"Taekwondo",1,"Kazakhstan"
"1560",2008,"Weightlifting",4,"Kazakhstan"
"1561",2008,"Wrestling",5,"Kazakhstan"
"1562",2008,"Athletics",14,"Kenya"
"1563",2008,"Wrestling",2,"Kyrgyzstan"
"1564",2008,"Aquatics",2,"South Korea"
"1565",2008,"Archery",9,"South Korea"
"1566",2008,"Badminton",6,"South Korea"
"1567",2008,"Baseball",24,"South Korea"
"1568",2008,"Boxing",1,"South Korea"
"1569",2008,"Fencing",1,"South Korea"
"1570",2008,"Gymnastics",1,"South Korea"
"1571",2008,"Handball",14,"South Korea"
"1572",2008,"Judo",4,"South Korea"
"1573",2008,"Shooting",2,"South Korea"
"1574",2008,"Table Tennis",6,"South Korea"
"1575",2008,"Taekwondo",4,"South Korea"
"1576",2008,"Weightlifting",3,"South Korea"
"1577",2008,"Wrestling",1,"South Korea"
"1578",2008,"Athletics",1,"Latvia"
"1579",2008,"Cycling",1,"Latvia"
"1580",2008,"Weightlifting",1,"Latvia"
"1581",2008,"Athletics",1,"Lithuania"
"1582",2008,"Modern Pentathlon",2,"Lithuania"
"1583",2008,"Sailing",1,"Lithuania"
"1584",2008,"Wrestling",1,"Lithuania"
"1585",2008,"Athletics",2,"Morocco"
"1586",2008,"Badminton",1,"Malaysia"
"1587",2008,"Boxing",1,"Moldova"
"1588",2008,"Aquatics",2,"Mexico"
"1589",2008,"Taekwondo",2,"Mexico"
"1590",2008,"Boxing",2,"Mongolia"
"1591",2008,"Judo",1,"Mongolia"
"1592",2008,"Shooting",1,"Mongolia"
"1593",2008,"Boxing",1,"Mauritius"
"1594",2008,"Aquatics",20,"Netherlands"
"1595",2008,"Cycling",1,"Netherlands"
"1596",2008,"Equestrian",4,"Netherlands"
"1597",2008,"Hockey",16,"Netherlands"
"1598",2008,"Judo",5,"Netherlands"
"1599",2008,"Rowing",11,"Netherlands"
"1600",2008,"Sailing",5,"Netherlands"
"1601",2008,"Athletics",5,"Nigeria"
"1602",2008,"Football",18,"Nigeria"
"1603",2008,"Taekwondo",1,"Nigeria"
"1604",2008,"Aquatics",2,"Norway"
"1605",2008,"Athletics",2,"Norway"
"1606",2008,"Canoe / Kayak",1,"Norway"
"1607",2008,"Handball",14,"Norway"
"1608",2008,"Rowing",1,"Norway"
"1609",2008,"Shooting",1,"Norway"
"1610",2008,"Taekwondo",1,"Norway"
"1611",2008,"Athletics",2,"New Zealand"
"1612",2008,"Cycling",5,"New Zealand"
"1613",2008,"Rowing",5,"New Zealand"
"1614",2008,"Sailing",1,"New Zealand"
"1615",2008,"Triathlon",1,"New Zealand"
"1616",2008,"Athletics",1,"Panama"
"1617",2008,"Athletics",2,"Poland"
"1618",2008,"Canoe / Kayak",2,"Poland"
"1619",2008,"Cycling",1,"Poland"
"1620",2008,"Fencing",4,"Poland"
"1621",2008,"Gymnastics",1,"Poland"
"1622",2008,"Rowing",8,"Poland"
"1623",2008,"Weightlifting",1,"Poland"
"1624",2008,"Wrestling",1,"Poland"
"1625",2008,"Athletics",1,"Portugal"
"1626",2008,"Triathlon",1,"Portugal"
"1627",2008,"Gymnastics",1,"North Korea"
"1628",2008,"Judo",3,"North Korea"
"1629",2008,"Weightlifting",2,"North Korea"
"1630",2008,"Athletics",1,"Romania"
"1631",2008,"Fencing",2,"Romania"
"1632",2008,"Gymnastics",7,"Romania"
"1633",2008,"Judo",1,"Romania"
"1634",2008,"Rowing",11,"Romania"
"1635",2008,"Athletics",1,"South Africa"
"1636",2008,"Aquatics",27,"Russia"
"1637",2008,"Archery",1,"Russia"
"1638",2008,"Athletics",27,"Russia"
"1639",2008,"Basketball",12,"Russia"
"1640",2008,"Boxing",3,"Russia"
"1641",2008,"Canoe / Kayak",5,"Russia"
"1642",2008,"Cycling",3,"Russia"
"1643",2008,"Fencing",4,"Russia"
"1644",2008,"Gymnastics",9,"Russia"
"1645",2008,"Handball",14,"Russia"
"1646",2008,"Modern Pentathlon",1,"Russia"
"1647",2008,"Shooting",4,"Russia"
"1648",2008,"Tennis",3,"Russia"
"1649",2008,"Volleyball",12,"Russia"
"1650",2008,"Weightlifting",7,"Russia"
"1651",2008,"Wrestling",11,"Russia"
"1652",2008,"Table Tennis",3,"Singapore"
"1653",2008,"Aquatics",1,"Slovenia"
"1654",2008,"Athletics",1,"Slovenia"
"1655",2008,"Judo",1,"Slovenia"
"1656",2008,"Sailing",1,"Slovenia"
"1657",2008,"Shooting",1,"Slovenia"
"1658",2008,"Aquatics",14,"Serbia"
"1659",2008,"Tennis",1,"Serbia"
"1660",2008,"Athletics",1,"Sudan"
"1661",2008,"Cycling",4,"Switzerland"
"1662",2008,"Equestrian",4,"Switzerland"
"1663",2008,"Judo",1,"Switzerland"
"1664",2008,"Tennis",2,"Switzerland"
"1665",2008,"Canoe / Kayak",8,"Slovakia"
"1666",2008,"Shooting",1,"Slovakia"
"1667",2008,"Wrestling",1,"Slovakia"
"1668",2008,"Cycling",2,"Sweden"
"1669",2008,"Equestrian",1,"Sweden"
"1670",2008,"Sailing",2,"Sweden"
"1671",2008,"Tennis",2,"Sweden"
"1672",2008,"Boxing",2,"Thailand"
"1673",2008,"Taekwondo",1,"Thailand"
"1674",2008,"Weightlifting",1,"Thailand"
"1675",2008,"Judo",1,"Tajikistan"
"1676",2008,"Wrestling",1,"Tajikistan"
"1677",2008,"Canoe / Kayak",1,"Togo"
"1678",2008,"Taekwondo",2,"Taiwan"
"1679",2008,"Weightlifting",2,"Taiwan"
"1680",2008,"Athletics",5,"Trinidad and Tobago"
"1681",2008,"Aquatics",1,"Tunisia"
"1682",2008,"Athletics",2,"Turkey"
"1683",2008,"Boxing",1,"Turkey"
"1684",2008,"Taekwondo",2,"Turkey"
"1685",2008,"Weightlifting",1,"Turkey"
"1686",2008,"Wrestling",2,"Turkey"
"1687",2008,"Aquatics",2,"Ukraine"
"1688",2008,"Archery",1,"Ukraine"
"1689",2008,"Athletics",5,"Ukraine"
"1690",2008,"Boxing",2,"Ukraine"
"1691",2008,"Canoe / Kayak",2,"Ukraine"
"1692",2008,"Cycling",1,"Ukraine"
"1693",2008,"Fencing",4,"Ukraine"
"1694",2008,"Gymnastics",2,"Ukraine"
"1695",2008,"Judo",1,"Ukraine"
"1696",2008,"Modern Pentathlon",1,"Ukraine"
"1697",2008,"Shooting",3,"Ukraine"
"1698",2008,"Weightlifting",2,"Ukraine"
"1699",2008,"Wrestling",5,"Ukraine"
"1700",2008,"Aquatics",94,"United States"
"1701",2008,"Athletics",29,"United States"
"1702",2008,"Baseball",24,"United States"
"1703",2008,"Basketball",24,"United States"
"1704",2008,"Boxing",1,"United States"
"1705",2008,"Cycling",5,"United States"
"1706",2008,"Equestrian",6,"United States"
"1707",2008,"Fencing",13,"United States"
"1708",2008,"Football",18,"United States"
"1709",2008,"Gymnastics",20,"United States"
"1710",2008,"Judo",1,"United States"
"1711",2008,"Rowing",19,"United States"
"1712",2008,"Sailing",2,"United States"
"1713",2008,"Shooting",6,"United States"
"1714",2008,"Softball",15,"United States"
"1715",2008,"Taekwondo",3,"United States"
"1716",2008,"Tennis",4,"United States"
"1717",2008,"Volleyball",28,"United States"
"1718",2008,"Wrestling",3,"United States"
"1719",2008,"Gymnastics",2,"Uzbekistan"
"1720",2008,"Judo",2,"Uzbekistan"
"1721",2008,"Wrestling",2,"Uzbekistan"
"1722",2008,"Taekwondo",1,"Venezuela"
"1723",2008,"Weightlifting",1,"Vietnam"
"1724",2008,"Aquatics",4,"Zimbabwe"
"1725",2012,"Taekwondo",1,"Afghanistan"
"1726",2012,"Athletics",1,"Algeria"
"1727",2012,"Athletics",1,"Algeria"
"1728",2012,"Hockey",16,"Argentina"
"1729",2012,"Sailing",2,"Argentina"
"1730",2012,"Taekwondo",1,"Argentina"
"1731",2012,"Tennis",1,"Argentina"
"1732",2012,"Wrestling",2,"Armenia"
"1733",2012,"Aquatics",46,"Australia"
"1734",2012,"Athletics",3,"Australia"
"1735",2012,"Basketball",12,"Australia"
"1736",2012,"Canoe",5,"Australia"
"1737",2012,"Cycling",10,"Australia"
"1738",2012,"Hockey",16,"Australia"
"1739",2012,"Rowing",13,"Australia"
"1740",2012,"Sailing",8,"Australia"
"1741",2012,"Triathlon",1,"Australia"
"1742",2012,"Boxing",2,"Azerbaijan"
"1743",2012,"Weightlifting",1,"Azerbaijan"
"1744",2012,"Wrestling",7,"Azerbaijan"
"1745",2012,"Athletics",4,"Bahamas"
"1746",2012,"Judo",1,"Belgium"
"1747",2012,"Sailing",1,"Belgium"
"1748",2012,"Shooting",1,"Belgium"
"1749",2012,"Aquatics",2,"Belarus"
"1750",2012,"Canoe",8,"Belarus"
"1751",2012,"Gymnastics",7,"Belarus"
"1752",2012,"Shooting",1,"Belarus"
"1753",2012,"Tennis",3,"Belarus"
"1754",2012,"Athletics",1,"Botswana"
"1755",2012,"Aquatics",2,"Brazil"
"1756",2012,"Boxing",3,"Brazil"
"1757",2012,"Football",18,"Brazil"
"1758",2012,"Gymnastics",1,"Brazil"
"1759",2012,"Judo",4,"Brazil"
"1760",2012,"Modern Pentathlon",1,"Brazil"
"1761",2012,"Sailing",2,"Brazil"
"1762",2012,"Volleyball",28,"Brazil"
"1763",2012,"Athletics",1,"Bahrain"
"1764",2012,"Boxing",1,"Bulgaria"
"1765",2012,"Wrestling",1,"Bulgaria"
"1766",2012,"Aquatics",7,"Canada"
"1767",2012,"Athletics",1,"Canada"
"1768",2012,"Canoe",3,"Canada"
"1769",2012,"Cycling",3,"Canada"
"1770",2012,"Football",20,"Canada"
"1771",2012,"Gymnastics",1,"Canada"
"1772",2012,"Judo",1,"Canada"
"1773",2012,"Rowing",18,"Canada"
"1774",2012,"Weightlifting",1,"Canada"
"1775",2012,"Wrestling",2,"Canada"
"1776",2012,"Aquatics",40,"China"
"1777",2012,"Archery",4,"China"
"1778",2012,"Athletics",9,"China"
"1779",2012,"Badminton",12,"China"
"1780",2012,"Boxing",3,"China"
"1781",2012,"Cycling",4,"China"
"1782",2012,"Fencing",6,"China"
"1783",2012,"Gymnastics",16,"China"
"1784",2012,"Judo",2,"China"
"1785",2012,"Modern Pentathlon",1,"China"
"1786",2012,"Rowing",2,"China"
"1787",2012,"Sailing",1,"China"
"1788",2012,"Shooting",7,"China"
"1789",2012,"Table Tennis",10,"China"
"1790",2012,"Taekwondo",3,"China"
"1791",2012,"Weightlifting",7,"China"
"1792",2012,"Wrestling",1,"China"
"1793",2012,"Weightlifting",1,"Cameroon"
"1794",2012,"Athletics",1,"Colombia"
"1795",2012,"Cycling",3,"Colombia"
"1796",2012,"Judo",1,"Colombia"
"1797",2012,"Taekwondo",1,"Colombia"
"1798",2012,"Weightlifting",1,"Colombia"
"1799",2012,"Wrestling",1,"Colombia"
"1800",2012,"Aquatics",13,"Croatia"
"1801",2012,"Athletics",1,"Croatia"
"1802",2012,"Handball",15,"Croatia"
"1803",2012,"Rowing",4,"Croatia"
"1804",2012,"Shooting",1,"Croatia"
"1805",2012,"Taekwondo",1,"Croatia"
"1806",2012,"Athletics",3,"Cuba"
"1807",2012,"Boxing",4,"Cuba"
"1808",2012,"Judo",3,"Cuba"
"1809",2012,"Shooting",1,"Cuba"
"1810",2012,"Taekwondo",1,"Cuba"
"1811",2012,"Weightlifting",1,"Cuba"
"1812",2012,"Wrestling",2,"Cuba"
"1813",2012,"Sailing",1,"Cyprus"
"1814",2012,"Athletics",3,"Czech Republic"
"1815",2012,"Canoe",5,"Czech Republic"
"1816",2012,"Cycling",1,"Czech Republic"
"1817",2012,"Modern Pentathlon",1,"Czech Republic"
"1818",2012,"Rowing",2,"Czech Republic"
"1819",2012,"Shooting",1,"Czech Republic"
"1820",2012,"Tennis",2,"Czech Republic"
"1821",2012,"Badminton",4,"Denmark"
"1822",2012,"Cycling",1,"Denmark"
"1823",2012,"Rowing",7,"Denmark"
"1824",2012,"Sailing",3,"Denmark"
"1825",2012,"Shooting",1,"Denmark"
"1826",2012,"Athletics",2,"Dominican Republic"
"1827",2012,"Fencing",1,"Egypt"
"1828",2012,"Weightlifting",2,"Egypt"
"1829",2012,"Wrestling",1,"Egypt"
"1830",2012,"Aquatics",26,"Spain"
"1831",2012,"Basketball",12,"Spain"
"1832",2012,"Canoe",3,"Spain"
"1833",2012,"Handball",14,"Spain"
"1834",2012,"Sailing",4,"Spain"
"1835",2012,"Taekwondo",3,"Spain"
"1836",2012,"Triathlon",1,"Spain"
"1837",2012,"Weightlifting",1,"Spain"
"1838",2012,"Wrestling",1,"Spain"
"1839",2012,"Athletics",1,"Estonia"
"1840",2012,"Wrestling",1,"Estonia"
"1841",2012,"Athletics",7,"Ethiopia"
"1842",2012,"Athletics",1,"Finland"
"1843",2012,"Sailing",4,"Finland"
"1844",2012,"Aquatics",21,"France"
"1845",2012,"Athletics",6,"France"
"1846",2012,"Basketball",12,"France"
"1847",2012,"Canoe",2,"France"
"1848",2012,"Cycling",6,"France"
"1849",2012,"Gymnastics",1,"France"
"1850",2012,"Handball",15,"France"
"1851",2012,"Judo",7,"France"
"1852",2012,"Rowing",2,"France"
"1853",2012,"Sailing",1,"France"
"1854",2012,"Shooting",2,"France"
"1855",2012,"Taekwondo",2,"France"
"1856",2012,"Tennis",4,"France"
"1857",2012,"Wrestling",1,"France"
"1858",2012,"Taekwondo",1,"Gabon"
"1859",2012,"Aquatics",4,"United Kingdom"
"1860",2012,"Athletics",6,"United Kingdom"
"1861",2012,"Boxing",5,"United Kingdom"
"1862",2012,"Canoe",7,"United Kingdom"
"1863",2012,"Cycling",19,"United Kingdom"
"1864",2012,"Equestrian",14,"United Kingdom"
"1865",2012,"Gymnastics",8,"United Kingdom"
"1866",2012,"Hockey",16,"United Kingdom"
"1867",2012,"Judo",2,"United Kingdom"
"1868",2012,"Modern Pentathlon",1,"United Kingdom"
"1869",2012,"Rowing",28,"United Kingdom"
"1870",2012,"Sailing",8,"United Kingdom"
"1871",2012,"Shooting",1,"United Kingdom"
"1872",2012,"Taekwondo",2,"United Kingdom"
"1873",2012,"Tennis",3,"United Kingdom"
"1874",2012,"Triathlon",2,"United Kingdom"
"1875",2012,"Judo",1,"Georgia"
"1876",2012,"Wrestling",6,"Georgia"
"1877",2012,"Aquatics",1,"Germany"
"1878",2012,"Athletics",8,"Germany"
"1879",2012,"Canoe",14,"Germany"
"1880",2012,"Cycling",9,"Germany"
"1881",2012,"Equestrian",10,"Germany"
"1882",2012,"Fencing",5,"Germany"
"1883",2012,"Gymnastics",3,"Germany"
"1884",2012,"Hockey",16,"Germany"
"1885",2012,"Judo",4,"Germany"
"1886",2012,"Rowing",17,"Germany"
"1887",2012,"Table Tennis",4,"Germany"
"1888",2012,"Taekwondo",1,"Germany"
"1889",2012,"Volleyball",2,"Germany"
"1890",2012,"Judo",1,"Greece"
"1891",2012,"Rowing",2,"Greece"
"1892",2012,"Athletics",1,"Grenada"
"1893",2012,"Athletics",1,"Guatemala"
"1894",2012,"Cycling",1,"Hong Kong"
"1895",2012,"Aquatics",3,"Hungary"
"1896",2012,"Athletics",1,"Hungary"
"1897",2012,"Canoe",14,"Hungary"
"1898",2012,"Fencing",1,"Hungary"
"1899",2012,"Gymnastics",1,"Hungary"
"1900",2012,"Judo",2,"Hungary"
"1901",2012,"Modern Pentathlon",1,"Hungary"
"1902",2012,"Wrestling",3,"Hungary"
"1903",2012,"Weightlifting",3,"Indonesia"
"1904",2012,"Badminton",1,"India"
"1905",2012,"Boxing",1,"India"
"1906",2012,"Shooting",2,"India"
"1907",2012,"Wrestling",2,"India"
"1908",2012,"Athletics",1,"Iran"
"1909",2012,"Taekwondo",1,"Iran"
"1910",2012,"Weightlifting",5,"Iran"
"1911",2012,"Wrestling",6,"Iran"
"1912",2012,"Athletics",1,"Ireland"
"1913",2012,"Boxing",4,"Ireland"
"1914",2012,"Equestrian",1,"Ireland"
"1915",2012,"Aquatics",14,"Italy"
"1916",2012,"Archery",3,"Italy"
"1917",2012,"Athletics",1,"Italy"
"1918",2012,"Boxing",3,"Italy"
"1919",2012,"Canoe",1,"Italy"
"1920",2012,"Cycling",1,"Italy"
"1921",2012,"Fencing",16,"Italy"
"1922",2012,"Gymnastics",7,"Italy"
"1923",2012,"Judo",1,"Italy"
"1924",2012,"Rowing",2,"Italy"
"1925",2012,"Shooting",5,"Italy"
"1926",2012,"Taekwondo",2,"Italy"
"1927",2012,"Volleyball",12,"Italy"
"1928",2012,"Athletics",25,"Jamaica"
"1929",2012,"Aquatics",17,"Japan"
"1930",2012,"Archery",4,"Japan"
"1931",2012,"Athletics",1,"Japan"
"1932",2012,"Badminton",2,"Japan"
"1933",2012,"Boxing",2,"Japan"
"1934",2012,"Fencing",4,"Japan"
"1935",2012,"Football",18,"Japan"
"1936",2012,"Gymnastics",7,"Japan"
"1937",2012,"Judo",7,"Japan"
"1938",2012,"Table Tennis",3,"Japan"
"1939",2012,"Volleyball",12,"Japan"
"1940",2012,"Weightlifting",1,"Japan"
"1941",2012,"Wrestling",6,"Japan"
"1942",2012,"Athletics",1,"Kazakhstan"
"1943",2012,"Boxing",4,"Kazakhstan"
"1944",2012,"Cycling",1,"Kazakhstan"
"1945",2012,"Weightlifting",1,"Kazakhstan"
"1946",2012,"Wrestling",3,"Kazakhstan"
"1947",2012,"Athletics",12,"Kenya"
"1948",2012,"Aquatics",2,"South Korea"
"1949",2012,"Archery",8,"South Korea"
"1950",2012,"Badminton",2,"South Korea"
"1951",2012,"Boxing",1,"South Korea"
"1952",2012,"Fencing",15,"South Korea"
"1953",2012,"Football",18,"South Korea"
"1954",2012,"Gymnastics",1,"South Korea"
"1955",2012,"Judo",3,"South Korea"
"1956",2012,"Shooting",5,"South Korea"
"1957",2012,"Table Tennis",3,"South Korea"
"1958",2012,"Taekwondo",2,"South Korea"
"1959",2012,"Weightlifting",2,"South Korea"
"1960",2012,"Wrestling",1,"South Korea"
"1961",2012,"Equestrian",4,"Saudi Arabia"
"1962",2012,"Shooting",1,"Kuwait"
"1963",2012,"Cycling",1,"Latvia"
"1964",2012,"Volleyball",2,"Latvia"
"1965",2012,"Aquatics",1,"Lithuania"
"1966",2012,"Boxing",1,"Lithuania"
"1967",2012,"Canoe",1,"Lithuania"
"1968",2012,"Modern Pentathlon",1,"Lithuania"
"1969",2012,"Wrestling",1,"Lithuania"
"1970",2012,"Athletics",1,"Morocco"
"1971",2012,"Aquatics",1,"Malaysia"
"1972",2012,"Badminton",1,"Malaysia"
"1973",2012,"Aquatics",5,"Mexico"
"1974",2012,"Archery",2,"Mexico"
"1975",2012,"Football",18,"Mexico"
"1976",2012,"Taekwondo",1,"Mexico"
"1977",2012,"Boxing",2,"Mongolia"
"1978",2012,"Judo",2,"Mongolia"
"1979",2012,"Wrestling",1,"Mongolia"
"1980",2012,"Handball",14,"Montenegro"
"1981",2012,"Aquatics",8,"Netherlands"
"1982",2012,"Cycling",3,"Netherlands"
"1983",2012,"Equestrian",9,"Netherlands"
"1984",2012,"Gymnastics",1,"Netherlands"
"1985",2012,"Hockey",33,"Netherlands"
"1986",2012,"Judo",2,"Netherlands"
"1987",2012,"Rowing",9,"Netherlands"
"1988",2012,"Sailing",4,"Netherlands"
"1989",2012,"Canoe",1,"Norway"
"1990",2012,"Cycling",1,"Norway"
"1991",2012,"Fencing",1,"Norway"
"1992",2012,"Handball",14,"Norway"
"1993",2012,"Athletics",1,"New Zealand"
"1994",2012,"Canoe",1,"New Zealand"
"1995",2012,"Cycling",6,"New Zealand"
"1996",2012,"Equestrian",5,"New Zealand"
"1997",2012,"Rowing",9,"New Zealand"
"1998",2012,"Sailing",4,"New Zealand"
"1999",2012,"Athletics",2,"Poland"
"2000",2012,"Canoe",2,"Poland"
"2001",2012,"Rowing",2,"Poland"
"2002",2012,"Sailing",2,"Poland"
"2003",2012,"Shooting",1,"Poland"
"2004",2012,"Weightlifting",2,"Poland"
"2005",2012,"Wrestling",1,"Poland"
"2006",2012,"Canoe",2,"Portugal"
"2007",2012,"Judo",1,"North Korea"
"2008",2012,"Weightlifting",4,"North Korea"
"2009",2012,"Wrestling",1,"North Korea"
"2010",2012,"Athletics",1,"Puerto Rico"
"2011",2012,"Wrestling",1,"Puerto Rico"
"2012",2012,"Athletics",1,"Qatar"
"2013",2012,"Shooting",1,"Qatar"
"2014",2012,"Fencing",4,"Romania"
"2015",2012,"Gymnastics",7,"Romania"
"2016",2012,"Judo",2,"Romania"
"2017",2012,"Shooting",1,"Romania"
"2018",2012,"Weightlifting",2,"Romania"
"2019",2012,"Aquatics",3,"South Africa"
"2020",2012,"Athletics",1,"South Africa"
"2021",2012,"Canoe",1,"South Africa"
"2022",2012,"Rowing",4,"South Africa"
"2023",2012,"Aquatics",23,"Russia"
"2024",2012,"Athletics",17,"Russia"
"2025",2012,"Badminton",2,"Russia"
"2026",2012,"Basketball",12,"Russia"
"2027",2012,"Boxing",6,"Russia"
"2028",2012,"Canoe",5,"Russia"
"2029",2012,"Cycling",2,"Russia"
"2030",2012,"Fencing",6,"Russia"
"2031",2012,"Gymnastics",21,"Russia"
"2032",2012,"Judo",5,"Russia"
"2033",2012,"Shooting",1,"Russia"
"2034",2012,"Taekwondo",2,"Russia"
"2035",2012,"Tennis",3,"Russia"
"2036",2012,"Volleyball",12,"Russia"
"2037",2012,"Weightlifting",3,"Russia"
"2038",2012,"Wrestling",10,"Russia"
"2039",2012,"Table Tennis",4,"Singapore"
"2040",2012,"Athletics",1,"Slovenia"
"2041",2012,"Judo",1,"Slovenia"
"2042",2012,"Rowing",2,"Slovenia"
"2043",2012,"Shooting",1,"Slovenia"
"2044",2012,"Aquatics",13,"Serbia"
"2045",2012,"Shooting",2,"Serbia"
"2046",2012,"Taekwondo",1,"Serbia"
"2047",2012,"Cycling",1,"Switzerland"
"2048",2012,"Equestrian",1,"Switzerland"
"2049",2012,"Tennis",1,"Switzerland"
"2050",2012,"Triathlon",1,"Switzerland"
"2051",2012,"Canoe",3,"Slovakia"
"2052",2012,"Shooting",2,"Slovakia"
"2053",2012,"Equestrian",1,"Sweden"
"2054",2012,"Handball",15,"Sweden"
"2055",2012,"Sailing",3,"Sweden"
"2056",2012,"Shooting",1,"Sweden"
"2057",2012,"Triathlon",1,"Sweden"
"2058",2012,"Wrestling",2,"Sweden"
"2059",2012,"Boxing",1,"Thailand"
"2060",2012,"Taekwondo",1,"Thailand"
"2061",2012,"Weightlifting",2,"Thailand"
"2062",2012,"Boxing",1,"Tajikistan"
"2063",2012,"Taekwondo",1,"Taiwan"
"2064",2012,"Weightlifting",1,"Taiwan"
"2065",2012,"Athletics",10,"Trinidad and Tobago"
"2066",2012,"Aquatics",2,"Tunisia"
"2067",2012,"Athletics",1,"Tunisia"
"2068",2012,"Athletics",1,"Turkey"
"2069",2012,"Taekwondo",2,"Turkey"
"2070",2012,"Wrestling",1,"Turkey"
"2071",2012,"Athletics",1,"Uganda"
"2072",2012,"Athletics",5,"Ukraine"
"2073",2012,"Boxing",5,"Ukraine"
"2074",2012,"Canoe",3,"Ukraine"
"2075",2012,"Fencing",2,"Ukraine"
"2076",2012,"Gymnastics",1,"Ukraine"
"2077",2012,"Rowing",4,"Ukraine"
"2078",2012,"Shooting",2,"Ukraine"
"2079",2012,"Weightlifting",2,"Ukraine"
"2080",2012,"Wrestling",1,"Ukraine"
"2081",2012,"Aquatics",88,"United States"
"2082",2012,"Archery",3,"United States"
"2083",2012,"Athletics",42,"United States"
"2084",2012,"Basketball",24,"United States"
"2085",2012,"Boxing",2,"United States"
"2086",2012,"Cycling",7,"United States"
"2087",2012,"Fencing",4,"United States"
"2088",2012,"Football",18,"United States"
"2089",2012,"Gymnastics",10,"United States"
"2090",2012,"Judo",2,"United States"
"2091",2012,"Rowing",17,"United States"
"2092",2012,"Shooting",4,"United States"
"2093",2012,"Taekwondo",2,"United States"
"2094",2012,"Tennis",7,"United States"
"2095",2012,"Volleyball",16,"United States"
"2096",2012,"Wrestling",4,"United States"
"2097",2012,"Boxing",1,"Uzbekistan"
"2098",2012,"Judo",1,"Uzbekistan"
"2099",2012,"Wrestling",1,"Uzbekistan"
"2100",2012,"Fencing",1,"Venezuela"
